timestamp,/auv25/imu/odom_estimate,/auv25/imu/raw,/auv25/sensor_packet,/cmd_vel,/thruster_output
2025-11-27 13:44:33.476,"[-255.70607492253603, 4563.556366732522, -545.7348319334592, -0.3038929427453616, -0.07226761640322413, 0.17256210851224105, 0.9341567265051246]","[0.0, 0.0, 0.0, 1.0, -0.0063950995492922, 0.06954670759855268, 0.0005329249624410166, -9.332598071289063, -0.3806780639648437, -3.3351229125976563]","[14872, 0, 24034, 0, -97, 2000]","[0.0, 0.0, 0.0, 0.0, 0.0, 0.0]",
2025-11-27 13:44:33.527,"[-257.7922586430703, 4579.5135542263315, -547.7699391308331, -0.3038631748338802, -0.07230847400840197, 0.17265946724121142, 0.9341452584788043]","[0.0, 0.0, 0.0, 1.0, -0.0021316998497640663, 0.058355283387291325, 0.0014655436467127959, -9.265560424804686, -0.3806780639648437, -3.3399113159179685]","[14872, 0, 24034, 0, -97, 2000]","[0.0, 0.0, 0.0, 0.0, 0.0, 0.0]",
2025-11-27 13:44:33.577,"[-257.7922586430703, 4579.5135542263315, -547.7699391308331, -0.3038631748338802, -0.07230847400840197, 0.17265946724121142, 0.9341452584788043]","[0.0, 0.0, 0.0, 1.0, -0.0021316998497640663, 0.058355283387291325, 0.0014655436467127959, -9.265560424804686, -0.3806780639648437, -3.3399113159179685]","[16886, 0, 25945, 0, -97, 1998]","[0.0, 0.0, 0.0, 0.0, 0.0, 0.0]",
2025-11-27 13:44:33.627,"[-259.8824049387638, 4595.469333730234, -549.8060839812888, -0.3034063657512744, -0.07225355807438473, 0.17289875130534282, 0.9342537248329538]","[0.0, 0.0, 0.0, 1.0, -0.004130168458917879, 0.049029096544573526, 0.006128637068071691, -9.157821350097656, -0.5506663818359374, -3.303998291015625]","[16886, 0, 25945, 0, -97, 1998]","[0.0, 0.0, 0.0, 0.0, 0.0, 0.0]",
2025-11-27 13:44:33.677,"[-259.8824049387638, 4595.469333730234, -549.8060839812888, -0.3034063657512744, -0.07225355807438473, 0.17289875130534282, 0.9342537248329538]","[0.0, 0.0, 0.0, 1.0, -0.004130168458917879, 0.049029096544573526, 0.006128637068071691, -9.157821350097656, -0.5506663818359374, -3.303998291015625]","[16886, 0, 25945, 0, -97, 1998]","[0.0, 0.0, 0.0, 0.0, 0.0, 0.0]",
2025-11-27 13:44:33.727,"[-261.9720883983021, 4611.385949491393, -551.8349182914193, -0.30364527871955754, -0.07232121533098225, 0.17317467167688758, 0.9341197565697741]","[0.0, 0.0, 0.0, 1.0, -0.0058621745868511835, 0.06181929564315793, 0.005462480865020421, -9.437942944335937, -0.5003881469726562, -3.5338416503906247]","[16886, 0, 25945, 0, -97, 1998]","[0.0, 0.0, 0.0, 0.0, 0.0, 0.0]",
2025-11-27 13:44:33.777,"[-261.9720883983021, 4611.385949491393, -551.8349182914193, -0.30364527871955754, -0.07232121533098225, 0.17317467167688758, 0.9341197565697741]","[0.0, 0.0, 0.0, 1.0, -0.0058621745868511835, 0.06181929564315793, 0.005462480865020421, -9.437942944335937, -0.5003881469726562, -3.5338416503906247]","[16901, 0, 23995, 0, -97, 2000]","[0.0, 0.0, 0.0, 0.0, 0.0, 0.0]",
2025-11-27 13:44:33.827,"[-264.08303060034496, 4627.415826743535, -553.878144579165, -0.3038842324652106, -0.07230551429619311, 0.17350777056899713, 0.9339814448979001]","[0.0, 0.0, 0.0, 1.0, -0.0063950995492922, 0.06368453301170149, 0.004263399699528133, -9.294290844726563, -0.33758243408203126, -3.3542765258789062]","[16901, 0, 23995, 0, -97, 2000]","[0.0, 0.0, 0.0, 0.0, 0.0, 0.0]",
2025-11-27 13:44:33.877,"[-264.08303060034496, 4627.415826743535, -553.878144579165, -0.3038842324652106, -0.07230551429619311, 0.17350777056899713, 0.9339814448979001]","[0.0, 0.0, 0.0, 1.0, -0.0063950995492922, 0.06368453301170149, 0.004263399699528133, -9.294290844726563, -0.33758243408203126, -3.3542765258789062]","[16901, 0, 23995, 0, -97, 2000]","[0.0, 0.0, 0.0, 0.0, 0.0, 0.0]",
2025-11-27 13:44:33.927,"[-266.1949036388484, 4643.410695716957, -555.9177680464012, -0.30327112589709654, -0.07192768572178518, 0.173808357924381, 0.9341539953024048]","[0.0, 0.0, 0.0, 1.0, -0.0031975497746461, 0.04769678413847099, 0.009725880564548555, -9.275137231445312, -0.4381389038085937, -3.1842882080078123]","[16901, 0, 23995, 0, -97, 2000]","[0.0, 0.0, 0.0, 0.0, 0.0, 0.0]",
2025-11-27 13:44:33.977,"[-266.1949036388484, 4643.410695716957, -555.9177680464012, -0.30327112589709654, -0.07192768572178518, 0.173808357924381, 0.9341539953024048]","[0.0, 0.0, 0.0, 1.0, -0.0031975497746461, 0.04769678413847099, 0.009725880564548555, -9.275137231445312, -0.4381389038085937, -3.1842882080078123]","[16901, 0, 23995, 0, -97, 2000]","[0.0, 0.0, 0.0, 0.0, 0.0, 0.0]",
2025-11-27 13:44:34.027,"[-268.31563850461043, 4659.44433543044, -557.9634349904026, -0.3037558098155943, -0.07245711635571063, 0.1741955195889724, 0.9338834484280228]","[0.0, 0.0, 0.0, 1.0, -0.011058192970651094, 0.06914701387672191, 0.0003996937218307625, -9.119514123535156, -0.5674257934570313, -3.394977954101562]","[16901, 0, 23995, 0, -97, 2000]","[0.0, 0.0, 0.0, 0.0, 0.0, 0.0]",
2025-11-27 13:44:34.077,"[-268.31563850461043, 4659.44433543044, -557.9634349904026, -0.3037558098155943, -0.07245711635571063, 0.1741955195889724, 0.9338834484280228]","[0.0, 0.0, 0.0, 1.0, -0.011058192970651094, 0.06914701387672191, 0.0003996937218307625, -9.119514123535156, -0.5674257934570313, -3.394977954101562]","[16526, 0, 25949, 0, -97, 1998]","[0.0, 0.0, 0.0, 0.0, 0.0, 0.0]",
2025-11-27 13:44:34.127,"[-270.44895745662325, 4675.526168972255, -560.0171607161245, -0.3045196144332963, -0.07259799309005877, 0.17435049545267167, 0.9335947946299294]","[0.0, 0.0, 0.0, 1.0, -0.004130168458917879, 0.07287748861380902, 0.0018652373685435584, -9.050082275390624, -0.3064578125, -3.399766357421875]","[16526, 0, 25949, 0, -97, 1998]","[0.0, 0.0, 0.0, 0.0, 0.0, 0.0]",
2025-11-27 13:44:34.176,"[-270.44895745662325, 4675.526168972255, -560.0171607161245, -0.3045196144332963, -0.07259799309005877, 0.17435049545267167, 0.9335947946299294]","[0.0, 0.0, 0.0, 1.0, -0.004130168458917879, 0.07287748861380902, 0.0018652373685435584, -9.050082275390624, -0.3064578125, -3.399766357421875]","[16526, 0, 25949, 0, -97, 1998]","[0.0, 0.0, 0.0, 0.0, 0.0, 0.0]",
2025-11-27 13:44:34.226,"[-272.5935622783373, 4691.650287996537, -562.079231097121, -0.30444776782577193, -0.07195570932551204, 0.17281361871692233, 0.933953631476065]","[0.0, 0.0, 0.0, 1.0, 0.03384073511500456, 0.058754977109122086, 0.00479632466196915, -9.107543115234375, -0.41898529052734373, -3.071760729980469]","[16526, 0, 25949, 0, -97, 1998]","[0.0, 0.0, 0.0, 0.0, 0.0, 0.0]",
2025-11-27 13:44:34.277,"[-272.5935622783373, 4691.650287996537, -562.079231097121, -0.30444776782577193, -0.07195570932551204, 0.17281361871692233, 0.933953631476065]","[0.0, 0.0, 0.0, 1.0, 0.03384073511500456, 0.058754977109122086, 0.00479632466196915, -9.107543115234375, -0.41898529052734373, -3.071760729980469]","[13114, 0, 28516, 0, -96, 2000]","[0.0, 0.0, 0.0, 0.0, 0.0, 0.0]",
2025-11-27 13:44:34.326,"[-274.7392980319139, 4707.746318286086, -564.1392181270419, -0.3040545812117597, -0.07185472398026778, 0.17336234982468396, 0.9339877975375936]","[0.0, 0.0, 0.0, 1.0, -0.00985911180515881, 0.05235987755982989, 0.007993874436615249, -9.176974963378905, -0.47884033203125, -3.2225954345703123]","[13114, 0, 28516, 0, -96, 2000]","[0.0, 0.0, 0.0, 0.0, 0.0, 0.0]",
2025-11-27 13:44:34.377,"[-274.7392980319139, 4707.746318286086, -564.1392181270419, -0.3040545812117597, -0.07185472398026778, 0.17336234982468396, 0.9339877975375936]","[0.0, 0.0, 0.0, 1.0, -0.00985911180515881, 0.05235987755982989, 0.007993874436615249, -9.176974963378905, -0.47884033203125, -3.2225954345703123]","[13114, 0, 28516, 0, -96, 2000]","[0.0, 0.0, 0.0, 0.0, 0.0, 0.0]",
2025-11-27 13:44:34.426,"[-276.9021456675653, 4723.935514874671, -566.2101277473321, -0.30480541514540815, -0.07207588297961949, 0.17355342453394496, 0.9336904919850495]","[0.0, 0.0, 0.0, 1.0, -0.005329249624410167, 0.07301071985441929, 0.0039969372183076245, -9.313444458007812, -0.47884033203125, -3.4931402221679684]","[13114, 0, 28516, 0, -96, 2000]","[0.0, 0.0, 0.0, 0.0, 0.0, 0.0]",
2025-11-27 13:44:34.476,"[-276.9021456675653, 4723.935514874671, -566.2101277473321, -0.30480541514540815, -0.07207588297961949, 0.17355342453394496, 0.9336904919850495]","[0.0, 0.0, 0.0, 1.0, -0.005329249624410167, 0.07301071985441929, 0.0039969372183076245, -9.313444458007812, -0.47884033203125, -3.4931402221679684]","[13114, 0, 28516, 0, -96, 2000]","[0.0, 0.0, 0.0, 0.0, 0.0, 0.0]",
2025-11-27 13:44:34.526,"[-279.0645737207573, 4740.082872026045, -568.2765640209586, -0.30466553233166466, -0.07215844362469992, 0.17386485605840954, 0.9336718289905255]","[0.0, 0.0, 0.0, 1.0, -0.006528330789902454, 0.05862174586851183, 0.0035972434964768626, -9.241618408203124, -0.45968671875, -3.2441432495117186]","[13114, 0, 28516, 0, -96, 2000]","[0.0, 0.0, 0.0, 0.0, 0.0, 0.0]",
2025-11-27 13:44:34.578,"[-279.0645737207573, 4740.082872026045, -568.2765640209586, -0.30466553233166466, -0.07215844362469992, 0.17386485605840954, 0.9336718289905255]","[0.0, 0.0, 0.0, 1.0, -0.006528330789902454, 0.05862174586851183, 0.0035972434964768626, -9.241618408203124, -0.45968671875, -3.2441432495117186]","[13355, 0, 28979, 0, -96, 1999]","[0.0, 0.0, 0.0, 0.0, 0.0, 0.0]",
2025-11-27 13:44:34.626,"[-281.2544490657003, 4756.388528418267, -570.3645419144722, -0.30415817814252477, -0.072084353064626, 0.17404972591191373, 0.9338085144301599]","[0.0, 0.0, 0.0, 1.0, -0.0029310872934255917, 0.05062787143189658, 0.002264931090374321, -9.2320416015625, -0.36391865234375, -3.1938650146484373]","[13355, 0, 28979, 0, -96, 1999]","[0.0, 0.0, 0.0, 0.0, 0.0, 0.0]",
2025-11-27 13:44:34.677,"[-281.2544490657003, 4756.388528418267, -570.3645419144722, -0.30415817814252477, -0.072084353064626, 0.17404972591191373, 0.9338085144301599]","[0.0, 0.0, 0.0, 1.0, -0.0029310872934255917, 0.05062787143189658, 0.002264931090374321, -9.2320416015625, -0.36391865234375, -3.1938650146484373]","[13355, 0, 28979, 0, -96, 1999]","[0.0, 0.0, 0.0, 0.0, 0.0, 0.0]",
2025-11-27 13:44:34.726,"[-283.4355607286462, 4772.592361996277, -572.4411831154284, -0.3043309865798961, -0.0723145729477206, 0.174417147962644, 0.9336658458159819]","[0.0, 0.0, 0.0, 1.0, -0.00866003063966652, 0.06235222060559895, 0.0021316998497640663, -9.085995300292968, -0.44053310546874996, -3.35188232421875]","[13355, 0, 28979, 0, -96, 1999]","[0.0, 0.0, 0.0, 0.0, 0.0, 0.0]",
2025-11-27 13:44:34.777,"[-283.4355607286462, 4772.592361996277, -572.4411831154284, -0.3043309865798961, -0.0723145729477206, 0.174417147962644, 0.9336658458159819]","[0.0, 0.0, 0.0, 1.0, -0.00866003063966652, 0.06235222060559895, 0.0021316998497640663, -9.085995300292968, -0.44053310546874996, -3.35188232421875]","[16189, 0, 28812, 0, -97, 1999]","[0.0, 0.0, 0.0, 0.0, 0.0, 0.0]",
2025-11-27 13:44:34.826,"[-285.6282187784846, 4788.839046698016, -574.5217489798895, -0.3061605044212786, -0.07282225273099519, 0.174563543720619, 0.9330006614378099]","[0.0, 0.0, 0.0, 1.0, -0.006661562030512709, 0.10125574286379316, 0.00159877488732305, -9.471461767578125, -0.430956298828125, -3.3494881225585935]","[16189, 0, 28812, 0, -97, 1999]","[0.0, 0.0, 0.0, 0.0, 0.0, 0.0]",
2025-11-27 13:44:34.876,"[-285.6282187784846, 4788.839046698016, -574.5217489798895, -0.3061605044212786, -0.07282225273099519, 0.174563543720619, 0.9330006614378099]","[0.0, 0.0, 0.0, 1.0, -0.006661562030512709, 0.10125574286379316, 0.00159877488732305, -9.471461767578125, -0.430956298828125, -3.3494881225585935]","[16189, 0, 28812, 0, -97, 1999]","[0.0, 0.0, 0.0, 0.0, 0.0, 0.0]",
2025-11-27 13:44:34.927,"[-287.8189856521876, 4805.031880237803, -576.5980055377753, -0.30538343360080356, -0.07256895388165818, 0.17470152573404366, 0.9332492069757693]","[0.0, 0.0, 0.0, 1.0, -0.000799387443661525, 0.04836294034152226, 0.006528330789902454, -9.169792358398437, -0.46686932373046874, -3.0262708984374997]","[16189, 0, 28812, 0, -97, 1999]","[0.0, 0.0, 0.0, 0.0, 0.0, 0.0]",
2025-11-27 13:44:34.977,"[-287.8189856521876, 4805.031880237803, -576.5980055377753, -0.30538343360080356, -0.07256895388165818, 0.17470152573404366, 0.9332492069757693]","[0.0, 0.0, 0.0, 1.0, -0.000799387443661525, 0.04836294034152226, 0.006528330789902454, -9.169792358398437, -0.46686932373046874, -3.0262708984374997]","[16189, 0, 28812, 0, -97, 1999]","[0.0, 0.0, 0.0, 0.0, 0.0, 0.0]",
2025-11-27 13:44:35.026,"[-290.037502924346, 4821.394397971527, -578.6963508616037, -0.3050781088636241, -0.0726498454608821, 0.17499678286460646, 0.9332874548785827]","[0.0, 0.0, 0.0, 1.0, -0.006128637068071691, 0.05382542120654268, 0.0035972434964768626, -9.260772021484375, -0.49799394531249996, -3.318363500976562]","[16189, 0, 28812, 0, -97, 1999]","[0.0, 0.0, 0.0, 0.0, 0.0, 0.0]",
2025-11-27 13:44:35.076,"[-290.037502924346, 4821.394397971527, -578.6963508616037, -0.3050781088636241, -0.0726498454608821, 0.17499678286460646, 0.9332874548785827]","[0.0, 0.0, 0.0, 1.0, -0.006128637068071691, 0.05382542120654268, 0.0035972434964768626, -9.260772021484375, -0.49799394531249996, -3.318363500976562]","[16189, 0, 28812, 0, -97, 1999]","[0.0, 0.0, 0.0, 0.0, 0.0, 0.0]",
2025-11-27 13:44:35.127,"[-292.2618007613729, 4837.763557875104, -580.7940140732907, -0.30536965991253545, -0.07286649755385077, 0.17544420375282055, 0.9330911936722347]","[0.0, 0.0, 0.0, 1.0, -0.010125574286379316, 0.06435068921475276, 0.003863705977697371, -9.375693701171874, -0.47884033203125, -3.4955344238281247]","[16189, 0, 28812, 0, -97, 1999]","[0.0, 0.0, 0.0, 0.0, 0.0, 0.0]",
2025-11-27 13:44:35.177,"[-292.2618007613729, 4837.763557875104, -580.7940140732907, -0.30536965991253545, -0.07286649755385077, 0.17544420375282055, 0.9330911936722347]","[0.0, 0.0, 0.0, 1.0, -0.010125574286379316, 0.06435068921475276, 0.003863705977697371, -9.375693701171874, -0.47884033203125, -3.4955344238281247]","[18827, 0, 26805, 0, -96, 1996]","[0.0, 0.0, 0.0, 0.0, 0.0, 0.0]",
2025-11-27 13:44:35.226,"[-294.49741296691224, 4854.187903727065, -582.900624651489, -0.30586438819808576, -0.07170551402909538, 0.17607651013793338, 0.9328999720589986]","[0.0, 0.0, 0.0, 1.0, -0.00479632466196915, 0.06328483928987072, 0.0334410413931738, -9.062053283691405, -0.5363011718749999, -3.356670727539062]","[18827, 0, 26805, 0, -96, 1996]","[0.0, 0.0, 0.0, 0.0, 0.0, 0.0]",
2025-11-27 13:44:35.277,"[-294.49741296691224, 4854.187903727065, -582.900624651489, -0.30586438819808576, -0.07170551402909538, 0.17607651013793338, 0.9328999720589986]","[0.0, 0.0, 0.0, 1.0, -0.00479632466196915, 0.06328483928987072, 0.0334410413931738, -9.062053283691405, -0.5363011718749999, -3.356670727539062]","[18827, 0, 26805, 0, -96, 1996]","[0.0, 0.0, 0.0, 0.0, 0.0, 0.0]",
2025-11-27 13:44:35.327,"[-296.71452316840595, 4870.44679490054, -584.9870486879378, -0.30507604421802165, -0.07159714638165579, 0.17647871820573877, 0.9330904124974959]","[0.0, 0.0, 0.0, 1.0, -0.006928024511733216, 0.04436600312321464, 0.0075941807147844875, -9.208099584960937, -0.5458779785156249, -3.2561142578125]","[18827, 0, 26805, 0, -96, 1996]","[0.0, 0.0, 0.0, 0.0, 0.0, 0.0]",
2025-11-27 13:44:35.377,"[-296.71452316840595, 4870.44679490054, -584.9870486879378, -0.30507604421802165, -0.07159714638165579, 0.17647871820573877, 0.9330904124974959]","[0.0, 0.0, 0.0, 1.0, -0.006928024511733216, 0.04436600312321464, 0.0075941807147844875, -9.208099584960937, -0.5458779785156249, -3.2561142578125]","[20987, 0, 25551, 0, -97, 1998]","[0.0, 0.0, 0.0, 0.0, 0.0, 0.0]",
2025-11-27 13:44:35.426,"[-298.9712692162737, 4886.96431599456, -587.104615348905, -0.3070684813586706, -0.0722157427034312, 0.17659737792654573, 0.932366451762042]","[0.0, 0.0, 0.0, 1.0, -0.006794793271122962, 0.09792496184853682, 0.001732006127933304, -9.342174877929686, -0.4836287353515625, -3.660734338378906]","[20987, 0, 25551, 0, -97, 1998]","[0.0, 0.0, 0.0, 0.0, 0.0, 0.0]",
2025-11-27 13:44:35.476,"[-298.9712692162737, 4886.96431599456, -587.104615348905, -0.3070684813586706, -0.0722157427034312, 0.17659737792654573, 0.932366451762042]","[0.0, 0.0, 0.0, 1.0, -0.006794793271122962, 0.09792496184853682, 0.001732006127933304, -9.342174877929686, -0.4836287353515625, -3.660734338378906]","[20987, 0, 25551, 0, -97, 1998]","[0.0, 0.0, 0.0, 0.0, 0.0, 0.0]",
2025-11-27 13:44:35.527,"[-301.22298754831394, 4903.40515479843, -589.2143066074174, -0.30604994808208585, -0.07212110137441473, 0.17680838984971856, 0.9326686278063844]","[0.0, 0.0, 0.0, 1.0, -0.0031975497746461, 0.03757120985209167, 0.001732006127933304, -9.085995300292968, -0.38307226562499996, -3.3207577026367185]","[20987, 0, 25551, 0, -97, 1998]","[0.0, 0.0, 0.0, 0.0, 0.0, 0.0]",
2025-11-27 13:44:35.577,"[-301.22298754831394, 4903.40515479843, -589.2143066074174, -0.30604994808208585, -0.07212110137441473, 0.17680838984971856, 0.9326686278063844]","[0.0, 0.0, 0.0, 1.0, -0.0031975497746461, 0.03757120985209167, 0.001732006127933304, -9.085995300292968, -0.38307226562499996, -3.3207577026367185]","[20987, 0, 25551, 0, -97, 1998]","[0.0, 0.0, 0.0, 0.0, 0.0, 0.0]",
2025-11-27 13:44:35.627,"[-303.485856776505, 4919.888056636584, -591.331933967158, -0.30536457277548334, -0.07197044654150932, 0.17693721223699124, 0.9328804614976477]","[0.0, 0.0, 0.0, 1.0, -0.0013323124061025418, 0.04783001537908124, 0.004529862180748642, -9.119514123535156, -0.4261678955078125, -3.134009973144531]","[20987, 0, 25551, 0, -97, 1998]","[0.0, 0.0, 0.0, 0.0, 0.0, 0.0]",
2025-11-27 13:44:35.677,"[-303.485856776505, 4919.888056636584, -591.331933967158, -0.30536457277548334, -0.07197044654150932, 0.17693721223699124, 0.9328804614976477]","[0.0, 0.0, 0.0, 1.0, -0.0013323124061025418, 0.04783001537908124, 0.004529862180748642, -9.119514123535156, -0.4261678955078125, -3.134009973144531]","[20987, 0, 25551, 0, -97, 1998]","[0.0, 0.0, 0.0, 0.0, 0.0, 0.0]",
2025-11-27 13:44:35.727,"[-305.82823592216477, 4936.9056423224265, -593.5192612523775, -0.3049732839814092, -0.0713846300256439, 0.17532761633638155, 0.9333572507906602]","[0.0, 0.0, 0.0, 1.0, 0.03397396635561481, 0.05249310880044014, 0.002398162330984575, -9.332598071289063, -0.42377369384765623, -3.0741549316406247]","[21705, 0, 23854, 0, -97, 1999]","[0.0, 0.0, 0.0, 0.0, 0.0, 0.0]",
2025-11-27 13:44:35.777,"[-305.82823592216477, 4936.9056423224265, -593.5192612523775, -0.3049732839814092, -0.0713846300256439, 0.17532761633638155, 0.9333572507906602]","[0.0, 0.0, 0.0, 1.0, 0.03397396635561481, 0.05249310880044014, 0.002398162330984575, -9.332598071289063, -0.42377369384765623, -3.0741549316406247]","[21705, 0, 23854, 0, -97, 1999]","[0.0, 0.0, 0.0, 0.0, 0.0, 0.0]",
2025-11-27 13:44:35.827,"[-308.0350009424889, 4952.902753436327, -595.5757357985935, -0.3054740059213262, -0.07140681191466046, 0.17546679084414044, 0.9331656360097175]","[0.0, 0.0, 0.0, 1.0, -0.0030643185340358454, 0.07101225124526546, 0.0057289433462409285, -9.22485899658203, -0.40462008056640625, -3.392583752441406]","[21705, 0, 23854, 0, -97, 1999]","[0.0, 0.0, 0.0, 0.0, 0.0, 0.0]",
2025-11-27 13:44:35.877,"[-308.0350009424889, 4952.902753436327, -595.5757357985935, -0.3054740059213262, -0.07140681191466046, 0.17546679084414044, 0.9331656360097175]","[0.0, 0.0, 0.0, 1.0, -0.0030643185340358454, 0.07101225124526546, 0.0057289433462409285, -9.22485899658203, -0.40462008056640625, -3.392583752441406]","[17966, 0, 25109, 0, -97, 1999]","[0.0, 0.0, 0.0, 0.0, 0.0, 0.0]",
2025-11-27 13:44:35.926,"[-310.33460532320925, 4969.530754817707, -597.714085416688, -0.30545304661966666, -0.07128554362940369, 0.17557003373681587, 0.9331623496658433]","[0.0, 0.0, 0.0, 1.0, -0.0011990811654922875, 0.06128637068071692, 0.005595712105630674, -9.287108239746093, -0.38786066894531246, -3.19865341796875]","[17966, 0, 25109, 0, -97, 1999]","[0.0, 0.0, 0.0, 0.0, 0.0, 0.0]",
2025-11-27 13:44:35.976,"[-310.33460532320925, 4969.530754817707, -597.714085416688, -0.30545304661966666, -0.07128554362940369, 0.17557003373681587, 0.9331623496658433]","[0.0, 0.0, 0.0, 1.0, -0.0011990811654922875, 0.06128637068071692, 0.005595712105630674, -9.287108239746093, -0.38786066894531246, -3.19865341796875]","[17966, 0, 25109, 0, -97, 1999]","[0.0, 0.0, 0.0, 0.0, 0.0, 0.0]",
2025-11-27 13:44:36.026,"[-312.6269384699445, 4986.081120702384, -599.8426057040527, -0.3052508370243161, -0.0712463194055042, 0.17575088025062177, 0.9331974692198082]","[0.0, 0.0, 0.0, 1.0, -0.0031975497746461, 0.054491577409593955, 0.007860643196004996, -9.241618408203124, -0.5793968017578125, -3.3710359375]","[17966, 0, 25109, 0, -97, 1999]","[0.0, 0.0, 0.0, 0.0, 0.0, 0.0]",
2025-11-27 13:44:36.077,"[-312.6269384699445, 4986.081120702384, -599.8426057040527, -0.3052508370243161, -0.0712463194055042, 0.17575088025062177, 0.9331974692198082]","[0.0, 0.0, 0.0, 1.0, -0.0031975497746461, 0.054491577409593955, 0.007860643196004996, -9.241618408203124, -0.5793968017578125, -3.3710359375]","[17966, 0, 25109, 0, -97, 1999]","[0.0, 0.0, 0.0, 0.0, 0.0, 0.0]",
2025-11-27 13:44:36.126,"[-314.9286387674548, 5002.6666801926085, -601.9753317258674, -0.3055408349742368, -0.07141902406465389, 0.17613628499452189, 0.933016682741111]","[0.0, 0.0, 0.0, 1.0, -0.00866003063966652, 0.06315160804926047, 0.004529862180748642, -9.234435803222656, -0.4525041137695312, -3.5003228271484375]","[17966, 0, 25109, 0, -97, 1999]","[0.0, 0.0, 0.0, 0.0, 0.0, 0.0]",
2025-11-27 13:44:36.177,"[-314.9286387674548, 5002.6666801926085, -601.9753317258674, -0.3055408349742368, -0.07141902406465389, 0.17613628499452189, 0.933016682741111]","[0.0, 0.0, 0.0, 1.0, -0.00866003063966652, 0.06315160804926047, 0.004529862180748642, -9.234435803222656, -0.4525041137695312, -3.5003228271484375]","[15558, 0, 21858, 0, -97, 1998]","[0.0, 0.0, 0.0, 0.0, 0.0, 0.0]",
2025-11-27 13:44:36.227,"[-317.24687137000126, 5019.3282193672485, -604.1178788922103, -0.3059408842921576, -0.0700340862825167, 0.1768510191290839, 0.932855358086188]","[0.0, 0.0, 0.0, 1.0, -0.004929555902579405, 0.06181929564315793, 0.03357427263378405, -9.279925634765624, -0.3064578125, -3.366247534179687]","[15558, 0, 21858, 0, -97, 1998]","[0.0, 0.0, 0.0, 0.0, 0.0, 0.0]",
2025-11-27 13:44:36.277,"[-317.24687137000126, 5019.3282193672485, -604.1178788922103, -0.3059408842921576, -0.0700340862825167, 0.1768510191290839, 0.932855358086188]","[0.0, 0.0, 0.0, 1.0, -0.004929555902579405, 0.06181929564315793, 0.03357427263378405, -9.279925634765624, -0.3064578125, -3.366247534179687]","[15558, 0, 21858, 0, -97, 1998]","[0.0, 0.0, 0.0, 0.0, 0.0, 0.0]",
2025-11-27 13:44:36.327,"[-319.5666634263608, 5035.961729349853, -606.25915229229, -0.3052985904079239, -0.06991310289051474, 0.17707080398280353, 0.933033150062761]","[0.0, 0.0, 0.0, 1.0, -0.0033307810152563544, 0.04836294034152226, 0.004263399699528133, -9.129090930175781, -0.36631285400390623, -3.1579519897460937]","[15558, 0, 21858, 0, -97, 1998]","[0.0, 0.0, 0.0, 0.0, 0.0, 0.0]",
2025-11-27 13:44:36.376,"[-319.5666634263608, 5035.961729349853, -606.25915229229, -0.3052985904079239, -0.06991310289051474, 0.17707080398280353, 0.933033150062761]","[0.0, 0.0, 0.0, 1.0, -0.0033307810152563544, 0.04836294034152226, 0.004263399699528133, -9.129090930175781, -0.36631285400390623, -3.1579519897460937]","[15558, 0, 21858, 0, -97, 1998]","[0.0, 0.0, 0.0, 0.0, 0.0, 0.0]",
2025-11-27 13:44:36.426,"[-321.91075379855897, 5052.73727323912, -608.4209447919727, -0.30471573338642016, -0.0699660195974251, 0.17745434160605586, 0.9331468451286915]","[0.0, 0.0, 0.0, 1.0, -0.0075941807147844875, 0.049961715228845315, 0.004529862180748642, -9.13627353515625, -0.4740519287109375, -3.1507693847656246]","[15558, 0, 21858, 0, -97, 1998]","[0.0, 0.0, 0.0, 0.0, 0.0, 0.0]",
2025-11-27 13:44:36.477,"[-321.91075379855897, 5052.73727323912, -608.4209447919727, -0.30471573338642016, -0.0699660195974251, 0.17745434160605586, 0.9331468451286915]","[0.0, 0.0, 0.0, 1.0, -0.0075941807147844875, 0.049961715228845315, 0.004529862180748642, -9.13627353515625, -0.4740519287109375, -3.1507693847656246]","[17564, 0, 22719, 0, -97, 1998]","[0.0, 0.0, 0.0, 0.0, 0.0, 0.0]",
2025-11-27 13:44:36.527,"[-324.2546061721196, 5069.468575273552, -610.5784368700182, -0.3050887070210943, -0.07010145495263288, 0.17790098429133228, 0.9329297436837868]","[0.0, 0.0, 0.0, 1.0, -0.0095926493239383, 0.06941347635794241, 0.0039969372183076245, -9.200916979980468, -0.32082302246093747, -3.2249896362304686]","[17564, 0, 22719, 0, -97, 1998]","[0.0, 0.0, 0.0, 0.0, 0.0, 0.0]",
2025-11-27 13:44:36.577,"[-324.2546061721196, 5069.468575273552, -610.5784368700182, -0.3050887070210943, -0.07010145495263288, 0.17790098429133228, 0.9329297436837868]","[0.0, 0.0, 0.0, 1.0, -0.0095926493239383, 0.06941347635794241, 0.0039969372183076245, -9.200916979980468, -0.32082302246093747, -3.2249896362304686]","[17564, 0, 22719, 0, -97, 1998]","[0.0, 0.0, 0.0, 0.0, 0.0, 0.0]",
2025-11-27 13:44:36.627,"[-326.61882110899495, 5086.316003527875, -612.7510878564775, -0.30520763257698386, -0.07028641792408964, 0.17802484969925794, 0.9328532968059391]","[0.0, 0.0, 0.0, 1.0, -0.0035972434964768626, 0.06181929564315793, 0.0035972434964768626, -9.251195214843749, -0.5003881469726562, -3.356670727539062]","[17564, 0, 22719, 0, -97, 1998]","[0.0, 0.0, 0.0, 0.0, 0.0, 0.0]",
2025-11-27 13:44:36.677,"[-326.61882110899495, 5086.316003527875, -612.7510878564775, -0.30520763257698386, -0.07028641792408964, 0.17802484969925794, 0.9328532968059391]","[0.0, 0.0, 0.0, 1.0, -0.0035972434964768626, 0.06181929564315793, 0.0035972434964768626, -9.251195214843749, -0.5003881469726562, -3.356670727539062]","[16223, 0, 24082, 15, -97, 1999]","[0.0, 0.0, 0.0, 0.0, 0.0, 0.0]",
2025-11-27 13:44:36.726,"[-328.95937427710174, 5102.974000906368, -614.9010980810024, -0.3049379299255429, -0.07053947244610294, 0.1781075483345493, 0.9329066099808738]","[0.0, 0.0, 0.0, 1.0, -0.0031975497746461, 0.05342572748471192, 0.002398162330984575, -9.05965908203125, -0.584185205078125, -3.35188232421875]","[16223, 0, 24082, 15, -97, 1999]","[0.0, 0.0, 0.0, 0.0, 0.0, 0.0]",
2025-11-27 13:44:36.776,"[-328.95937427710174, 5102.974000906368, -614.9010980810024, -0.3049379299255429, -0.07053947244610294, 0.1781075483345493, 0.9329066099808738]","[0.0, 0.0, 0.0, 1.0, -0.0031975497746461, 0.05342572748471192, 0.002398162330984575, -9.05965908203125, -0.584185205078125, -3.35188232421875]","[16223, 0, 24082, 15, -97, 1999]","[0.0, 0.0, 0.0, 0.0, 0.0, 0.0]",
2025-11-27 13:44:36.827,"[-331.3139611158114, 5119.701922103689, -617.0598580950451, -0.3054331068274616, -0.07077034361559773, 0.17848393665934437, 0.9326551667539497]","[0.0, 0.0, 0.0, 1.0, -0.008926493120887028, 0.06501684541780403, 0.004263399699528133, -9.165003955078124, -0.4261678955078125, -3.612850305175781]","[16223, 0, 24082, 15, -97, 1999]","[0.0, 0.0, 0.0, 0.0, 0.0, 0.0]",
2025-11-27 13:44:36.877,"[-331.3139611158114, 5119.701922103689, -617.0598580950451, -0.3054331068274616, -0.07077034361559773, 0.17848393665934437, 0.9326551667539497]","[0.0, 0.0, 0.0, 1.0, -0.008926493120887028, 0.06501684541780403, 0.004263399699528133, -9.165003955078124, -0.4261678955078125, -3.612850305175781]","[15431, 0, 24865, 0, -97, 1999]","[0.0, 0.0, 0.0, 0.0, 0.0, 0.0]",
2025-11-27 13:44:36.926,"[-333.6998693334003, 5136.620190866082, -619.2433509860962, -0.30599215189023304, -0.07108503373118158, 0.17854494876347707, 0.9324362832022725]","[0.0, 0.0, 0.0, 1.0, -0.0033307810152563544, 0.06981317007977318, 0.0013323124061025418, -9.210493786621093, -0.4477157104492187, -3.4452561889648434]","[15431, 0, 24865, 0, -97, 1999]","[0.0, 0.0, 0.0, 0.0, 0.0, 0.0]",
2025-11-27 13:44:36.977,"[-333.6998693334003, 5136.620190866082, -619.2433509860962, -0.30599215189023304, -0.07108503373118158, 0.17854494876347707, 0.9324362832022725]","[0.0, 0.0, 0.0, 1.0, -0.0033307810152563544, 0.06981317007977318, 0.0013323124061025418, -9.210493786621093, -0.4477157104492187, -3.4452561889648434]","[15431, 0, 24865, 0, -97, 1999]","[0.0, 0.0, 0.0, 0.0, 0.0, 0.0]",
2025-11-27 13:44:37.027,"[-336.0764878304306, 5153.430969541722, -621.4137539352467, -0.30555118874789233, -0.07101662871221154, 0.17889603103801532, 0.9325188038747246]","[0.0, 0.0, 0.0, 1.0, -0.006261868308681946, 0.055690658575086247, 0.005062787143189658, -9.342174877929686, -0.38786066894531246, -3.095702746582031]","[15431, 0, 24865, 0, -97, 1999]","[0.0, 0.0, 0.0, 0.0, 0.0, 0.0]",
2025-11-27 13:44:37.077,"[-336.0764878304306, 5153.430969541722, -621.4137539352467, -0.30555118874789233, -0.07101662871221154, 0.17889603103801532, 0.9325188038747246]","[0.0, 0.0, 0.0, 1.0, -0.006261868308681946, 0.055690658575086247, 0.005062787143189658, -9.342174877929686, -0.38786066894531246, -3.095702746582031]","[14920, 0, 25855, 0, -97, 1999]","[0.0, 0.0, 0.0, 0.0, 0.0, 0.0]",
2025-11-27 13:44:37.127,"[-338.46775139162935, 5170.317365672881, -623.5959564269314, -0.3053199407652477, -0.07102402546661028, 0.17924072197953664, 0.9325277932382918]","[0.0, 0.0, 0.0, 1.0, -0.006661562030512709, 0.05489127113142472, 0.007194486992953725, -9.088389501953124, -0.5099649536132812, -3.2704794677734372]","[14920, 0, 25855, 0, -97, 1999]","[0.0, 0.0, 0.0, 0.0, 0.0, 0.0]",
2025-11-27 13:44:37.176,"[-338.46775139162935, 5170.317365672881, -623.5959564269314, -0.3053199407652477, -0.07102402546661028, 0.17924072197953664, 0.9325277932382918]","[0.0, 0.0, 0.0, 1.0, -0.006661562030512709, 0.05489127113142472, 0.007194486992953725, -9.088389501953124, -0.5099649536132812, -3.2704794677734372]","[14920, 0, 25855, 0, -97, 1999]","[0.0, 0.0, 0.0, 0.0, 0.0, 0.0]",
2025-11-27 13:44:37.226,"[-340.86046130652863, 5187.181505986232, -625.7735498176673, -0.30731386661398674, -0.07156016304563138, 0.1794904438951691, 0.931783510801709]","[0.0, 0.0, 0.0, 1.0, -0.008793261880276773, 0.10112251162318292, 0.004263399699528133, -9.380482104492186, -0.4525041137695312, -3.5386300537109374]","[14920, 0, 25855, 0, -97, 1999]","[0.0, 0.0, 0.0, 0.0, 0.0, 0.0]",
2025-11-27 13:44:37.277,"[-340.86046130652863, 5187.181505986232, -625.7735498176673, -0.30731386661398674, -0.07156016304563138, 0.1794904438951691, 0.931783510801709]","[0.0, 0.0, 0.0, 1.0, -0.008793261880276773, 0.10112251162318292, 0.004263399699528133, -9.380482104492186, -0.4525041137695312, -3.5386300537109374]","[14920, 0, 25855, 0, -97, 1999]","[0.0, 0.0, 0.0, 0.0, 0.0, 0.0]",
2025-11-27 13:44:37.327,"[-343.2806562644929, 5204.20211140745, -627.9711373983812, -0.30614822573682615, -0.07156508040670903, 0.17976576882709813, 0.9321137116803813]","[0.0, 0.0, 0.0, 1.0, -0.005062787143189658, 0.036372128686599385, 0.000799387443661525, -9.325415466308593, -0.41898529052734373, -3.3255461059570313]","[14920, 0, 25855, 0, -97, 1999]","[0.0, 0.0, 0.0, 0.0, 0.0, 0.0]",
2025-11-27 13:44:37.377,"[-343.2806562644929, 5204.20211140745, -627.9711373983812, -0.30614822573682615, -0.07156508040670903, 0.17976576882709813, 0.9321137116803813]","[0.0, 0.0, 0.0, 1.0, -0.005062787143189658, 0.036372128686599385, 0.000799387443661525, -9.325415466308593, -0.41898529052734373, -3.3255461059570313]","[15046, 0, 28323, 0, -97, 1999]","[0.0, 0.0, 0.0, 0.0, 0.0, 0.0]",
2025-11-27 13:44:37.427,"[-345.6992816737369, 5221.173288568182, -630.1637671104826, -0.30558746613208454, -0.07147329634827874, 0.18022356866643455, 0.9322163556542109]","[0.0, 0.0, 0.0, 1.0, -0.008127105677225504, 0.0464977029729787, 0.005062787143189658, -9.126696728515624, -0.354341845703125, -3.35188232421875]","[15046, 0, 28323, 0, -97, 1999]","[0.0, 0.0, 0.0, 0.0, 0.0, 0.0]",
2025-11-27 13:44:37.477,"[-345.6992816737369, 5221.173288568182, -630.1637671104826, -0.30558746613208454, -0.07147329634827874, 0.18022356866643455, 0.9322163556542109]","[0.0, 0.0, 0.0, 1.0, -0.008127105677225504, 0.0464977029729787, 0.005062787143189658, -9.126696728515624, -0.354341845703125, -3.35188232421875]","[15046, 0, 28323, 0, -97, 1999]","[0.0, 0.0, 0.0, 0.0, 0.0, 0.0]",
2025-11-27 13:44:37.527,"[-348.119778450254, 5238.123781182577, -632.3561068649101, -0.3053520280784277, -0.07166046557029654, 0.18054148180545926, 0.9322176194269921]","[0.0, 0.0, 0.0, 1.0, -0.0073277182335639785, 0.0558238898156965, 0.0018652373685435584, -9.062053283691405, -0.4261678955078125, -3.258508459472656]","[15046, 0, 28323, 0, -97, 1999]","[0.0, 0.0, 0.0, 0.0, 0.0, 0.0]",
2025-11-27 13:44:37.577,"[-348.119778450254, 5238.123781182577, -632.3561068649101, -0.3053520280784277, -0.07166046557029654, 0.18054148180545926, 0.9322176194269921]","[0.0, 0.0, 0.0, 1.0, -0.0073277182335639785, 0.0558238898156965, 0.0018652373685435584, -9.062053283691405, -0.4261678955078125, -3.258508459472656]","[19305, 0, 30531, 0, -97, 1999]","[0.0, 0.0, 0.0, 0.0, 0.0, 0.0]",
2025-11-27 13:44:37.627,"[-350.55881200951603, 5255.175234783706, -634.5601516265406, -0.3061895579491142, -0.07199405149874327, 0.18076448862349287, 0.9318739243075801]","[0.0, 0.0, 0.0, 1.0, -0.006661562030512709, 0.0747427259823526, 0.0039969372183076245, -9.318232861328125, -0.4955997436523437, -3.555389465332031]","[19305, 0, 30531, 0, -97, 1999]","[0.0, 0.0, 0.0, 0.0, 0.0, 0.0]",
2025-11-27 13:44:37.677,"[-350.55881200951603, 5255.175234783706, -634.5601516265406, -0.3061895579491142, -0.07199405149874327, 0.18076448862349287, 0.9318739243075801]","[0.0, 0.0, 0.0, 1.0, -0.006661562030512709, 0.0747427259823526, 0.0039969372183076245, -9.318232861328125, -0.4955997436523437, -3.555389465332031]","[19305, 0, 30531, 0, -97, 1999]","[0.0, 0.0, 0.0, 0.0, 0.0, 0.0]",
2025-11-27 13:44:37.726,"[-353.0118243033895, 5272.281592464259, -636.7734545737445, -0.3061388105202497, -0.07206478030118627, 0.18101089297321096, 0.9318372995101823]","[0.0, 0.0, 0.0, 1.0, -0.005196018383799912, 0.06261868308681946, 0.0026646248122050836, -9.176974963378905, -0.35194764404296874, -3.124433166503906]","[19305, 0, 30531, 0, -97, 1999]","[0.0, 0.0, 0.0, 0.0, 0.0, 0.0]",
2025-11-27 13:44:37.776,"[-353.0118243033895, 5272.281592464259, -636.7734545737445, -0.3061388105202497, -0.07206478030118627, 0.18101089297321096, 0.9318372995101823]","[0.0, 0.0, 0.0, 1.0, -0.005196018383799912, 0.06261868308681946, 0.0026646248122050836, -9.176974963378905, -0.35194764404296874, -3.124433166503906]","[19305, 0, 30531, 0, -97, 1999]","[0.0, 0.0, 0.0, 0.0, 0.0, 0.0]",
2025-11-27 13:44:37.826,"[-355.43946726450633, 5289.176906699873, -638.9613380698485, -0.30561713339718005, -0.07202225147969123, 0.18142670133307906, 0.9319309604843505]","[0.0, 0.0, 0.0, 1.0, -0.007727411955394742, 0.05062787143189658, 0.0057289433462409285, -9.133879333496093, -0.4333505004882812, -3.227383837890625]","[19305, 0, 30531, 0, -97, 1999]","[0.0, 0.0, 0.0, 0.0, 0.0, 0.0]",
2025-11-27 13:44:37.877,"[-355.43946726450633, 5289.176906699873, -638.9613380698485, -0.30561713339718005, -0.07202225147969123, 0.18142670133307906, 0.9319309604843505]","[0.0, 0.0, 0.0, 1.0, -0.007727411955394742, 0.05062787143189658, 0.0057289433462409285, -9.133879333496093, -0.4333505004882812, -3.227383837890625]","[16788, 0, 25493, 0, -97, 1999]","[0.0, 0.0, 0.0, 0.0, 0.0, 0.0]",
2025-11-27 13:44:37.927,"[-357.91538463255495, 5306.380446172652, -641.1903773067825, -0.30602759081701336, -0.07225536184270402, 0.18171071011458517, 0.9317228633952092]","[0.0, 0.0, 0.0, 1.0, -0.007061255752343471, 0.06461715169597326, 0.004529862180748642, -9.062053283691405, -0.4836287353515625, -3.488351818847656]","[16788, 0, 25493, 0, -97, 1999]","[0.0, 0.0, 0.0, 0.0, 0.0, 0.0]",
2025-11-27 13:44:37.977,"[-357.91538463255495, 5306.380446172652, -641.1903773067825, -0.30602759081701336, -0.07225536184270402, 0.18171071011458517, 0.9317228633952092]","[0.0, 0.0, 0.0, 1.0, -0.007061255752343471, 0.06461715169597326, 0.004529862180748642, -9.062053283691405, -0.4836287353515625, -3.488351818847656]","[16788, 0, 25493, 0, -97, 1999]","[0.0, 0.0, 0.0, 0.0, 0.0, 0.0]",
2025-11-27 13:44:38.027,"[-360.38765747174403, 5323.513926783156, -643.4110398022199, -0.30492796951336704, -0.071981168636105, 0.18220839902890917, 0.9320073734115828]","[0.0, 0.0, 0.0, 1.0, -0.0075941807147844875, 0.03477335379927634, 0.004663093421358896, -9.208099584960937, -0.2705447875976562, -3.361459130859375]","[16788, 0, 25493, 0, -97, 1999]","[0.0, 0.0, 0.0, 0.0, 0.0, 0.0]",
2025-11-27 13:44:38.077,"[-360.38765747174403, 5323.513926783156, -643.4110398022199, -0.30492796951336704, -0.071981168636105, 0.18220839902890917, 0.9320073734115828]","[0.0, 0.0, 0.0, 1.0, -0.0075941807147844875, 0.03477335379927634, 0.004663093421358896, -9.208099584960937, -0.2705447875976562, -3.361459130859375]","[19015, 0, 25784, 0, -97, 1999]","[0.0, 0.0, 0.0, 0.0, 0.0, 0.0]",
2025-11-27 13:44:38.126,"[-362.86620582929874, 5340.652966769647, -645.6328778221342, -0.30455137254544346, -0.07186067922542515, 0.18230814218681482, 0.9321202956455453]","[0.0, 0.0, 0.0, 1.0, -0.0010658499248820332, 0.05515773361264523, 0.005462480865020421, -9.33978067626953, -0.4261678955078125, -3.153163586425781]","[19015, 0, 25784, 0, -97, 1999]","[0.0, 0.0, 0.0, 0.0, 0.0, 0.0]",
2025-11-27 13:44:38.176,"[-362.86620582929874, 5340.652966769647, -645.6328778221342, -0.30455137254544346, -0.07186067922542515, 0.18230814218681482, 0.9321202956455453]","[0.0, 0.0, 0.0, 1.0, -0.0010658499248820332, 0.05515773361264523, 0.005462480865020421, -9.33978067626953, -0.4261678955078125, -3.153163586425781]","[19015, 0, 25784, 0, -97, 1999]","[0.0, 0.0, 0.0, 0.0, 0.0, 0.0]",
2025-11-27 13:44:38.226,"[-365.33971554229424, 5357.729305549241, -647.8486089419017, -0.30445195873622993, -0.07203201820324676, 0.18284033063209218, 0.9320353033386597]","[0.0, 0.0, 0.0, 1.0, -0.011457886692481857, 0.057955589665460557, 0.0057289433462409285, -9.074024291992187, -0.5003881469726562, -3.289633081054687]","[19015, 0, 25784, 0, -97, 1999]","[0.0, 0.0, 0.0, 0.0, 0.0, 0.0]",
2025-11-27 13:44:38.277,"[-365.33971554229424, 5357.729305549241, -647.8486089419017, -0.30445195873622993, -0.07203201820324676, 0.18284033063209218, 0.9320353033386597]","[0.0, 0.0, 0.0, 1.0, -0.011457886692481857, 0.057955589665460557, 0.0057289433462409285, -9.074024291992187, -0.5003881469726562, -3.289633081054687]","[19015, 0, 25784, 0, -97, 1999]","[0.0, 0.0, 0.0, 0.0, 0.0, 0.0]",
2025-11-27 13:44:38.326,"[-367.8358752569044, 5374.927465894949, -650.0806532919954, -0.3050614613754283, -0.07231590895298814, 0.1829582953831582, 0.9317908436158193]","[0.0, 0.0, 0.0, 1.0, -0.004263399699528133, 0.07234456365136802, 0.0019984686091538122, -9.212887988281249, -0.41898529052734373, -3.3710359375]","[19015, 0, 25784, 0, -97, 1999]","[0.0, 0.0, 0.0, 0.0, 0.0, 0.0]",
2025-11-27 13:44:38.377,"[-367.8358752569044, 5374.927465894949, -650.0806532919954, -0.3050614613754283, -0.07231590895298814, 0.1829582953831582, 0.9317908436158193]","[0.0, 0.0, 0.0, 1.0, -0.004263399699528133, 0.07234456365136802, 0.0019984686091538122, -9.212887988281249, -0.41898529052734373, -3.3710359375]","[19015, 0, 25784, 0, -97, 1999]","[0.0, 0.0, 0.0, 0.0, 0.0, 0.0]",
2025-11-27 13:44:38.427,"[-370.3544752870388, 5392.2454112125815, -652.3287021859276, -0.304994251412281, -0.07255052925735216, 0.18325399415560495, 0.931736497587144]","[0.0, 0.0, 0.0, 1.0, -0.007194486992953725, 0.05808882090607082, 0.0013323124061025418, -9.222464794921875, -0.4261678955078125, -3.3638533325195312]","[19015, 0, 25784, 0, -97, 1999]","[0.0, 0.0, 0.0, 0.0, 0.0, 0.0]",
2025-11-27 13:44:38.477,"[-370.3544752870388, 5392.2454112125815, -652.3287021859276, -0.304994251412281, -0.07255052925735216, 0.18325399415560495, 0.931736497587144]","[0.0, 0.0, 0.0, 1.0, -0.007194486992953725, 0.05808882090607082, 0.0013323124061025418, -9.222464794921875, -0.4261678955078125, -3.3638533325195312]","[13051, 0, 31687, 0, -97, 1996]","[0.0, 0.0, 0.0, 0.0, 0.0, 0.0]",
2025-11-27 13:44:38.527,"[-372.8758595056265, 5409.547672924547, -654.5776153679258, -0.30454123229065705, -0.07245183127167719, 0.18343040599422475, 0.9318576372692677]","[0.0, 0.0, 0.0, 1.0, -0.0026646248122050836, 0.053159265003491406, 0.0058621745868511835, -9.095572106933593, -0.45010991210937495, -3.0909143432617188]","[13051, 0, 31687, 0, -97, 1996]","[0.0, 0.0, 0.0, 0.0, 0.0, 0.0]",
2025-11-27 13:44:38.577,"[-372.8758595056265, 5409.547672924547, -654.5776153679258, -0.30454123229065705, -0.07245183127167719, 0.18343040599422475, 0.9318576372692677]","[0.0, 0.0, 0.0, 1.0, -0.0026646248122050836, 0.053159265003491406, 0.0058621745868511835, -9.095572106933593, -0.45010991210937495, -3.0909143432617188]","[13051, 0, 31687, 0, -97, 1996]","[0.0, 0.0, 0.0, 0.0, 0.0, 0.0]",
2025-11-27 13:44:38.627,"[-375.39520814771663, 5426.815271702888, -656.8238488871193, -0.3045077518536042, -0.07259674788429066, 0.18361602254908874, 0.9318207432338802]","[0.0, 0.0, 0.0, 1.0, -0.004529862180748642, 0.0575558959436298, 0.006261868308681946, -9.054870678710937, -0.6009446166992187, -3.35188232421875]","[13051, 0, 31687, 0, -97, 1996]","[0.0, 0.0, 0.0, 0.0, 0.0, 0.0]",
2025-11-27 13:44:38.677,"[-375.39520814771663, 5426.815271702888, -656.8238488871193, -0.3045077518536042, -0.07259674788429066, 0.18361602254908874, 0.9318207432338802]","[0.0, 0.0, 0.0, 1.0, -0.004529862180748642, 0.0575558959436298, 0.006261868308681946, -9.054870678710937, -0.6009446166992187, -3.35188232421875]","[15846, 0, 21522, 0, -97, 2000]","[0.0, 0.0, 0.0, 0.0, 0.0, 0.0]",
2025-11-27 13:44:38.726,"[-377.93084069892035, 5444.16137743116, -659.079339939318, -0.30644053154704326, -0.07298710199586964, 0.18372393328598, 0.931135113667903]","[0.0, 0.0, 0.0, 1.0, -0.005062787143189658, 0.09739203688609578, 0.005462480865020421, -9.277531433105468, -0.4261678955078125, -3.5577836669921874]","[15846, 0, 21522, 0, -97, 2000]","[0.0, 0.0, 0.0, 0.0, 0.0, 0.0]",
2025-11-27 13:44:38.776,"[-377.93084069892035, 5444.16137743116, -659.079339939318, -0.30644053154704326, -0.07298710199586964, 0.18372393328598, 0.931135113667903]","[0.0, 0.0, 0.0, 1.0, -0.005062787143189658, 0.09739203688609578, 0.005462480865020421, -9.277531433105468, -0.4261678955078125, -3.5577836669921874]","[15846, 0, 21522, 0, -97, 2000]","[0.0, 0.0, 0.0, 0.0, 0.0, 0.0]",
2025-11-27 13:44:38.826,"[-380.4590121801914, 5461.421902798617, -661.325155453886, -0.3063273648916781, -0.0732229707260381, 0.18372809361103193, 0.931153010892748]","[0.0, 0.0, 0.0, 1.0, -0.00159877488732305, 0.06395099549292199, 0.0005329249624410166, -9.26316622314453, -0.488417138671875, -3.0909143432617188]","[15846, 0, 21522, 0, -97, 2000]","[0.0, 0.0, 0.0, 0.0, 0.0, 0.0]",
2025-11-27 13:44:38.877,"[-380.4590121801914, 5461.421902798617, -661.325155453886, -0.3063273648916781, -0.0732229707260381, 0.18372809361103193, 0.931153010892748]","[0.0, 0.0, 0.0, 1.0, -0.00159877488732305, 0.06395099549292199, 0.0005329249624410166, -9.26316622314453, -0.488417138671875, -3.0909143432617188]","[15631, 0, 26013, 0, -97, 1998]","[0.0, 0.0, 0.0, 0.0, 0.0, 0.0]",
2025-11-27 13:44:38.926,"[-383.01690075291623, 5478.853515555652, -663.5963801524457, -0.3057497693934689, -0.07333431382657551, 0.1839325934420952, 0.9312937012570689]","[0.0, 0.0, 0.0, 1.0, -0.004529862180748642, 0.05196018383799912, 0.0026646248122050836, -9.07163009033203, -0.5051765502929687, -3.086125939941406]","[15631, 0, 26013, 0, -97, 1998]","[0.0, 0.0, 0.0, 0.0, 0.0, 0.0]",
2025-11-27 13:44:38.976,"[-383.01690075291623, 5478.853515555652, -663.5963801524457, -0.3057497693934689, -0.07333431382657551, 0.1839325934420952, 0.9312937012570689]","[0.0, 0.0, 0.0, 1.0, -0.004529862180748642, 0.05196018383799912, 0.0026646248122050836, -9.07163009033203, -0.5051765502929687, -3.086125939941406]","[15631, 0, 26013, 0, -97, 1998]","[0.0, 0.0, 0.0, 0.0, 0.0, 0.0]",
2025-11-27 13:44:39.026,"[-385.5672178100008, 5496.193898409057, -665.854997936129, -0.3055601278416457, -0.0733361991409898, 0.1842704685389343, 0.9312890016495372]","[0.0, 0.0, 0.0, 1.0, -0.006528330789902454, 0.05462480865020421, 0.0037304747370871167, -9.323021264648437, -0.354341845703125, -3.438073583984375]","[15631, 0, 26013, 0, -97, 1998]","[0.0, 0.0, 0.0, 0.0, 0.0, 0.0]",
2025-11-27 13:44:39.076,"[-385.5672178100008, 5496.193898409057, -665.854997936129, -0.3055601278416457, -0.0733361991409898, 0.1842704685389343, 0.9312890016495372]","[0.0, 0.0, 0.0, 1.0, -0.006528330789902454, 0.05462480865020421, 0.0037304747370871167, -9.323021264648437, -0.354341845703125, -3.438073583984375]","[15631, 0, 26013, 0, -97, 1998]","[0.0, 0.0, 0.0, 0.0, 0.0, 0.0]",
2025-11-27 13:44:39.126,"[-388.1263250004887, 5513.551797455045, -668.11562705896, -0.3060016718675377, -0.07337892209187825, 0.1845661227165311, 0.9310820892661894]","[0.0, 0.0, 0.0, 1.0, -0.006128637068071691, 0.07194486992953725, 0.005462480865020421, -9.375693701171874, -0.35673604736328124, -3.258508459472656]","[15631, 0, 26013, 0, -97, 1998]","[0.0, -0.0, -0.0, 0.0, 0.0, 0.0]",
2025-11-27 13:44:39.176,"[-388.1263250004887, 5513.551797455045, -668.11562705896, -0.3060016718675377, -0.07337892209187825, 0.1845661227165311, 0.9310820892661894]","[0.0, 0.0, 0.0, 1.0, -0.006128637068071691, 0.07194486992953725, 0.005462480865020421, -9.375693701171874, -0.35673604736328124, -3.258508459472656]","[14399, 0, 27227, 0, -97, 1999]","[0.0, -0.0, -0.0, 0.0, 0.0, 0.0]",
2025-11-27 13:44:39.226,"[-390.70311020074826, 5530.987745992622, -670.3889738014157, -0.3056940553412835, -0.07318917734557977, 0.18478489401585416, 0.9311546766203921]","[0.0, 0.0, 0.0, 1.0, -0.0029310872934255917, 0.05662327725935802, 0.006261868308681946, -9.141061938476563, -0.3495534423828125, -3.1004911499023438]","[14399, 0, 27227, 0, -97, 1999]","[0.0, -0.0, -0.0, 0.0, 0.0, 0.0]",
2025-11-27 13:44:39.277,"[-390.70311020074826, 5530.987745992622, -670.3889738014157, -0.3056940553412835, -0.07318917734557977, 0.18478489401585416, 0.9311546766203921]","[0.0, 0.0, 0.0, 1.0, -0.0029310872934255917, 0.05662327725935802, 0.006261868308681946, -9.141061938476563, -0.3495534423828125, -3.1004911499023438]","[14399, 0, 27227, 0, -97, 1999]","[0.0, -0.0, -0.0, 0.0, 0.0, 0.0]",
2025-11-27 13:44:39.326,"[-393.30595224009994, 5548.57134725787, -672.6816060994112, -0.304952520171649, -0.07298513718328493, 0.18495214740014768, 0.9313806060700272]","[0.0, 0.0, 0.0, 1.0, -0.001732006127933304, 0.04276722823589159, 0.007727411955394742, -9.265560424804686, -0.5195417602539062, -3.356670727539062]","[14399, 0, 27227, 0, -97, 1999]","[0.0, -0.0, -0.0, 0.0, 0.0, 0.0]",
2025-11-27 13:44:39.376,"[-393.30595224009994, 5548.57134725787, -672.6816060994112, -0.304952520171649, -0.07298513718328493, 0.18495214740014768, 0.9313806060700272]","[0.0, 0.0, 0.0, 1.0, -0.001732006127933304, 0.04276722823589159, 0.007727411955394742, -9.265560424804686, -0.5195417602539062, -3.356670727539062]","[14399, 0, 27227, 0, -97, 1999]","[0.0, -0.0, -0.0, 0.0, 0.0, 0.0]",
2025-11-27 13:44:39.426,"[-395.8879117452614, 5565.991548713053, -674.9516310946785, -0.30503608435205815, -0.07320256422771769, 0.18526853575699967, 0.9312732904427723]","[0.0, 0.0, 0.0, 1.0, -0.0075941807147844875, 0.05822205214668107, 0.005329249624410167, -9.291896643066405, -0.5722141967773438, -3.574543078613281]","[14399, 0, 27227, 0, -97, 1999]","[0.0, -0.0, -0.0, 0.0, 0.0, 0.0]",
2025-11-27 13:44:39.478,"[-395.8879117452614, 5565.991548713053, -674.9516310946785, -0.30503608435205815, -0.07320256422771769, 0.18526853575699967, 0.9312732904427723]","[0.0, 0.0, 0.0, 1.0, -0.0075941807147844875, 0.05822205214668107, 0.005329249624410167, -9.291896643066405, -0.5722141967773438, -3.574543078613281]","[19180, 0, 27599, 0, -97, 1998]","[0.0, -0.0, -0.0, 0.0, 0.0, 0.0]",
2025-11-27 13:44:39.527,"[-398.5117699277382, 5583.655058889225, -677.2539923813405, -0.3052088520371317, -0.07343328707974037, 0.18553563472882167, 0.9311453362567058]","[0.0, 0.0, 0.0, 1.0, -0.006661562030512709, 0.06621592658329632, 0.00159877488732305, -9.287108239746093, -0.39743747558593745, -3.2225954345703123]","[19180, 0, 27599, 0, -97, 1998]","[0.0, -0.0, -0.0, 0.0, 0.0, 0.0]",
2025-11-27 13:44:39.576,"[-398.5117699277382, 5583.655058889225, -677.2539923813405, -0.3052088520371317, -0.07343328707974037, 0.18553563472882167, 0.9311453362567058]","[0.0, 0.0, 0.0, 1.0, -0.006661562030512709, 0.06621592658329632, 0.00159877488732305, -9.287108239746093, -0.39743747558593745, -3.2225954345703123]","[19180, 0, 27599, 0, -97, 1998]","[0.0, -0.0, -0.0, 0.0, 0.0, 0.0]",
2025-11-27 13:44:39.626,"[-401.1022096890946, 5601.06807256442, -679.5245128618853, -0.3047123465723314, -0.07356570234864776, 0.18562002652577864, 0.9312806660920769]","[0.0, 0.0, 0.0, 1.0, -0.002398162330984575, 0.05076110267250683, 0.0029310872934255917, -9.208099584960937, -0.565031591796875, -3.2920272827148436]","[19180, 0, 27599, 0, -97, 1998]","[0.0, -0.0, -0.0, 0.0, 0.0, 0.0]",
2025-11-27 13:44:39.677,"[-401.1022096890946, 5601.06807256442, -679.5245128618853, -0.3047123465723314, -0.07356570234864776, 0.18562002652577864, 0.9312806660920769]","[0.0, 0.0, 0.0, 1.0, -0.002398162330984575, 0.05076110267250683, 0.0029310872934255917, -9.208099584960937, -0.565031591796875, -3.2920272827148436]","[19180, 0, 27599, 0, -97, 1998]","[0.0, -0.0, -0.0, 0.0, 0.0, 0.0]",
2025-11-27 13:44:39.726,"[-403.72668617793636, 5618.675781533484, -681.8224824711657, -0.30409746059000453, -0.07365482733078858, 0.1859901904266966, 0.931400746155286]","[0.0, 0.0, 0.0, 1.0, -0.0075941807147844875, 0.049428790266404295, 0.002797856052815337, -9.143456140136719, -0.45489831542968745, -3.1699229980468746]","[19180, 0, 27599, 0, -97, 1998]","[0.0, 0.05058523267507553, -0.0, 0.0, 0.0, 0.0]",
2025-11-27 13:44:39.777,"[-403.72668617793636, 5618.675781533484, -681.8224824711657, -0.30409746059000453, -0.07365482733078858, 0.1859901904266966, 0.931400746155286]","[0.0, 0.0, 0.0, 1.0, -0.0075941807147844875, 0.049428790266404295, 0.002797856052815337, -9.143456140136719, -0.45489831542968745, -3.1699229980468746]","[17668, 0, 27655, 0, -97, 1998]","[0.0, 0.05058523267507553, -0.0, 0.0, 0.0, 0.0]",
2025-11-27 13:44:39.826,"[-406.36379446662755, 5636.33959691284, -684.1270451615646, -0.3061434858018173, -0.07420100487477653, 0.1862438674656823, 0.9306361258881537]","[0.0, 0.0, 0.0, 1.0, -0.008926493120887028, 0.10165543658562393, 0.0057289433462409285, -9.282319836425781, -0.5123591552734374, -3.4907460205078125]","[17668, 0, 27655, 0, -97, 1998]","[0.0, 0.5542048811912537, -0.0, 0.0, 0.0, 0.0]",
2025-11-27 13:44:39.876,"[-406.36379446662755, 5636.33959691284, -684.1270451615646, -0.3061434858018173, -0.07420100487477653, 0.1862438674656823, 0.9306361258881537]","[0.0, 0.0, 0.0, 1.0, -0.008926493120887028, 0.10165543658562393, 0.0057289433462409285, -9.282319836425781, -0.5123591552734374, -3.4907460205078125]","[17668, 0, 27655, 0, -97, 1998]","[0.0, 0.5542048811912537, -0.0, 0.0, 0.0, 0.0]",
2025-11-27 13:44:39.926,"[-409.0003798198918, 5653.967344637026, -686.4277902639251, -0.30487642690155825, -0.07416824571853928, 0.1866211043152803, 0.9309790540452124]","[0.0, 0.0, 0.0, 1.0, -0.006794793271122962, 0.03490658503988659, 0.002797856052815337, -9.2320416015625, -0.4836287353515625, -3.2513258544921873]","[17668, 0, 27655, 0, -97, 1998]","[0.0, 0.8514230251312256, -0.0, 0.0, 0.0, 0.0]",
2025-11-27 13:44:39.977,"[-409.0003798198918, 5653.967344637026, -686.4277902639251, -0.30487642690155825, -0.07416824571853928, 0.1866211043152803, 0.9309790540452124]","[0.0, 0.0, 0.0, 1.0, -0.006794793271122962, 0.03490658503988659, 0.002797856052815337, -9.2320416015625, -0.4836287353515625, -3.2513258544921873]","[16201, 0, 28402, 0, -97, 1999]","[0.0, 0.8514230251312256, -0.0, 0.0, 0.0, 0.0]",
2025-11-27 13:44:40.026,"[-411.6544798226129, 5671.66886287891, -688.7542319761765, -0.29933431558513246, -0.07141978000178704, 0.18721837895855217, 0.93287054896047]","[0.0, 0.0, 0.0, 1.0, 0.0073277182335639785, -0.0575558959436298, 0.032375191468291764, -7.989450939941406, -0.22026655273437498, -2.3870190551757813]","[16201, 0, 28402, 0, -97, 1999]","[0.0, 0.9670078754425049, -0.0, 0.0, 0.0, 0.0]",
2025-11-27 13:44:40.076,"[-411.6544798226129, 5671.66886287891, -688.7542319761765, -0.29933431558513246, -0.07141978000178704, 0.18721837895855217, 0.93287054896047]","[0.0, 0.0, 0.0, 1.0, 0.0073277182335639785, -0.0575558959436298, 0.032375191468291764, -7.989450939941406, -0.22026655273437498, -2.3870190551757813]","[16201, 0, 28402, 0, -97, 1999]","[0.0, 0.9670078754425049, -0.0, 0.0, 0.0, 0.0]",
2025-11-27 13:44:40.126,"[-414.32716335667214, 5689.351871829357, -691.0671342299177, -0.30413786075170646, -0.07287013980333981, 0.1875430247718124, 0.9311378621030597]","[0.0, 0.0, 0.0, 1.0, -0.016653905076281773, 0.21503522234495023, -0.015588055151399738, -11.839327209472655, 0.38307226562499996, -1.1923124267578125]","[16201, 0, 28402, 0, -97, 1999]","[0.0, 0.9917760491371155, -0.0, 0.0, 0.0, 0.0]",
2025-11-27 13:44:40.176,"[-414.32716335667214, 5689.351871829357, -691.0671342299177, -0.30413786075170646, -0.07287013980333981, 0.1875430247718124, 0.9311378621030597]","[0.0, 0.0, 0.0, 1.0, -0.016653905076281773, 0.21503522234495023, -0.015588055151399738, -11.839327209472655, 0.38307226562499996, -1.1923124267578125]","[16201, 0, 28402, 0, -97, 1999]","[0.0, 0.9917760491371155, -0.0, 0.0, 0.0, 0.0]",
2025-11-27 13:44:40.227,"[-417.0127504909187, 5707.082407876096, -693.495209164738, -0.23878884616456167, -0.05206381040221537, 0.19288294400962416, 0.9502975410385842]","[0.0, 0.0, 0.0, 1.0, 0.02398162330984575, -0.6828101081275526, 0.027045941843881597, 1.0797849487304687, 0.7158662963867187, 0.023942016601562498]","[16201, 0, 28402, 0, -97, 1999]","[0.0, 0.9917760491371155, -0.0, 0.0, 0.0, 0.0]",
2025-11-27 13:44:40.277,"[-417.0127504909187, 5707.082407876096, -693.495209164738, -0.23878884616456167, -0.05206381040221537, 0.19288294400962416, 0.9502975410385842]","[0.0, 0.0, 0.0, 1.0, 0.02398162330984575, -0.6828101081275526, 0.027045941843881597, 1.0797849487304687, 0.7158662963867187, 0.023942016601562498]","[17337, 0, 28212, 0, -96, 1998]","[0.0, 0.9917760491371155, -0.0, 0.0, 0.0, 0.0]",
2025-11-27 13:44:40.326,"[-419.71494491556376, 5724.845587114593, -695.9283467631451, -0.24586492891249598, -0.05563635781323884, 0.19364967235627611, 0.948132288668853]","[0.0, 0.0, 0.0, 1.0, -0.03397396635561481, 0.27085911216064673, -0.02971056665608668, -10.601524951171875, -0.354341845703125, 0.45489831542968745]","[17337, 0, 28212, 0, -96, 1998]","[0.0, 0.9917760491371155, -0.0, 0.0, 0.0, 0.0]",
2025-11-27 13:44:40.377,"[-419.71494491556376, 5724.845587114593, -695.9283467631451, -0.24586492891249598, -0.05563635781323884, 0.19364967235627611, 0.948132288668853]","[0.0, 0.0, 0.0, 1.0, -0.03397396635561481, 0.27085911216064673, -0.02971056665608668, -10.601524951171875, -0.354341845703125, 0.45489831542968745]","[19176, 0, 28682, 0, -97, 2000]","[0.0, 0.9917760491371155, -0.0, 0.0, 0.0, 0.0]",
2025-11-27 13:44:40.427,"[-422.4133476442561, 5742.641837667677, -698.3533304717747, -0.24009204735464215, -0.05635457517574453, 0.1952703213747465, 0.9492362573374559]","[0.0, 0.0, 0.0, 1.0, -0.03503981628049684, -0.09645941820182401, -0.008260336917835759, -9.993397729492187, -1.2832920898437499, -4.405331054687499]","[19176, 0, 28682, 0, -97, 2000]","[0.0, 0.9917760491371155, -0.0, 0.0, 0.0, 0.0]",
2025-11-27 13:44:40.476,"[-422.4133476442561, 5742.641837667677, -698.3533304717747, -0.24009204735464215, -0.05635457517574453, 0.1952703213747465, 0.9492362573374559]","[0.0, 0.0, 0.0, 1.0, -0.03503981628049684, -0.09645941820182401, -0.008260336917835759, -9.993397729492187, -1.2832920898437499, -4.405331054687499]","[19176, 0, 28682, 0, -97, 2000]","[0.0, 0.9917760491371155, -0.0, 0.0, 0.0, 0.0]",
2025-11-27 13:44:40.527,"[-425.11199272053665, 5760.398289602146, -700.7698939235056, -0.24211821138355277, -0.05645727301549606, 0.19664228319601865, 0.9484319482701644]","[0.0, 0.0, 0.0, 1.0, -0.027978560528153375, 0.08326952538140886, 0.011457886692481857, -9.624690673828125, -0.016759411621093748, -2.9640216552734375]","[19176, 0, 28682, 0, -97, 2000]","[0.0, 0.9917760491371155, -0.0, 0.0, 0.0, 0.0]",
2025-11-27 13:44:40.578,"[-425.11199272053665, 5760.398289602146, -700.7698939235056, -0.24211821138355277, -0.05645727301549606, 0.19664228319601865, 0.9484319482701644]","[0.0, 0.0, 0.0, 1.0, -0.027978560528153375, 0.08326952538140886, 0.011457886692481857, -9.624690673828125, -0.016759411621093748, -2.9640216552734375]","[19721, 0, 28304, 0, -97, 2000]","[0.0, 0.9917760491371155, -0.0, 0.0, 0.0, 0.0]",
2025-11-27 13:44:40.626,"[-427.8196189387263, 5778.254101093678, -703.2054680679639, -0.24443362097586574, -0.05769388501614288, 0.19542740892226312, 0.9480146351245329]","[0.0, 0.0, 0.0, 1.0, 0.01732006127933304, 0.0863338439154447, 0.0030643185340358454, -8.614337573242187, -1.1563994018554686, -3.028665100097656]","[19721, 0, 28304, 0, -97, 2000]","[0.0, 1.0, -0.0, 0.0, 0.0, 0.0]",
2025-11-27 13:44:40.676,"[-427.8196189387263, 5778.254101093678, -703.2054680679639, -0.24443362097586574, -0.05769388501614288, 0.19542740892226312, 0.9480146351245329]","[0.0, 0.0, 0.0, 1.0, 0.01732006127933304, 0.0863338439154447, 0.0030643185340358454, -8.614337573242187, -1.1563994018554686, -3.028665100097656]","[19721, 0, 28304, 0, -97, 2000]","[0.0, 1.0, -0.0, 0.0, 0.0, 0.0]",
2025-11-27 13:44:40.726,"[-430.5280102526838, 5795.95871436685, -705.6156338525689, -0.24339682430591272, -0.055824981017250724, 0.19670495200108892, 0.9481290625597706]","[0.0, 0.0, 0.0, 1.0, -0.015588055151399738, -0.003464012255866608, -0.0037304747370871167, -9.610325463867188, 2.0087351928710935, -3.842693664550781]","[19721, 0, 28304, 0, -97, 2000]","[0.0, 1.0, -0.0, 0.0, 0.0, 0.0]",
2025-11-27 13:44:40.777,"[-430.5280102526838, 5795.95871436685, -705.6156338525689, -0.24339682430591272, -0.055824981017250724, 0.19670495200108892, 0.9481290625597706]","[0.0, 0.0, 0.0, 1.0, -0.015588055151399738, -0.003464012255866608, -0.0037304747370871167, -9.610325463867188, 2.0087351928710935, -3.842693664550781]","[19721, 0, 28304, 0, -97, 2000]","[0.0, 1.0, -0.0, 0.0, 0.0, 0.0]",
2025-11-27 13:44:40.826,"[-433.25835005085435, 5813.91730569747, -708.0548851435798, -0.246339421927758, -0.0584953940134731, 0.1951590168227414, 0.9475273802040168]","[0.0, 0.0, 0.0, 1.0, 0.016254211354451008, 0.11537825436848011, -0.000799387443661525, -9.739612353515625, -2.4444798950195312, -2.901772412109375]","[19721, 0, 28304, 0, -97, 2000]","[0.0, 1.0, -0.0, 0.0, 0.0, 0.0]",
2025-11-27 13:44:40.877,"[-433.25835005085435, 5813.91730569747, -708.0548851435798, -0.246339421927758, -0.0584953940134731, 0.1951590168227414, 0.9475273802040168]","[0.0, 0.0, 0.0, 1.0, 0.016254211354451008, 0.11537825436848011, -0.000799387443661525, -9.739612353515625, -2.4444798950195312, -2.901772412109375]","[19078, 0, 21575, 0, -97, 1998]","[0.0, 1.0, -0.0, 0.0, 0.0, 0.0]",
2025-11-27 13:44:40.927,"[-436.00193514088306, 5831.784866885609, -710.5010202013191, -0.24550938055298877, -0.05626468754673811, 0.19542854503375157, 0.9478223002133611]","[0.0, 0.0, 0.0, 1.0, 0.0063950995492922, 0.044898928085655654, -0.009992343045769061, -8.05648858642578, 1.9488801513671874, -1.3024457031249999]","[19078, 0, 21575, 0, -97, 1998]","[0.0, 1.0, -0.0, 0.0, 0.0, 0.0]",
2025-11-27 13:44:40.976,"[-436.00193514088306, 5831.784866885609, -710.5010202013191, -0.24550938055298877, -0.05626468754673811, 0.19542854503375157, 0.9478223002133611]","[0.0, 0.0, 0.0, 1.0, 0.0063950995492922, 0.044898928085655654, -0.009992343045769061, -8.05648858642578, 1.9488801513671874, -1.3024457031249999]","[19078, 0, 21575, 0, -97, 1998]","[0.0, 1.0, -0.0, 0.0, 0.0, 0.0]",
2025-11-27 13:44:41.027,"[-438.7217942815472, 5849.545180639794, -712.9136939314874, -0.24832556899400113, -0.056114930109603736, 0.19491783011506017, 0.9472024946682923]","[0.0, 0.0, 0.0, 1.0, 0.010658499248820334, 0.057822358424850305, 0.0255803981971688, -10.175357055664062, -0.8786720092773437, -5.679046337890624]","[19078, 0, 21575, 0, -97, 1998]","[0.0, 1.0, -0.0, 0.0, 0.0, 0.0]",
2025-11-27 13:44:41.078,"[-438.7217942815472, 5849.545180639794, -712.9136939314874, -0.24832556899400113, -0.056114930109603736, 0.19491783011506017, 0.9472024946682923]","[0.0, 0.0, 0.0, 1.0, 0.010658499248820334, 0.057822358424850305, 0.0255803981971688, -10.175357055664062, -0.8786720092773437, -5.679046337890624]","[19554, 15, 26556, 0, -97, 2000]","[0.0, 1.0, -0.0, 0.0, 0.0, 0.0]",
2025-11-27 13:44:41.126,"[-441.4597421211257, 5867.450199893169, -715.330936725605, -0.24674044514147667, -0.05595589008197158, 0.19567011724203356, 0.9474710002501444]","[0.0, 0.0, 0.0, 1.0, -0.013856049023466432, -0.032108728987071254, 0.007860643196004996, -9.852139831542969, -0.5291185668945312, -5.49708701171875]","[19554, 15, 26556, 0, -97, 2000]","[0.0, 0.8927033543586731, -0.0, 0.0, 0.0, 0.0]",
2025-11-27 13:44:41.176,"[-441.4597421211257, 5867.450199893169, -715.330936725605, -0.24674044514147667, -0.05595589008197158, 0.19567011724203356, 0.9474710002501444]","[0.0, 0.0, 0.0, 1.0, -0.013856049023466432, -0.032108728987071254, 0.007860643196004996, -9.852139831542969, -0.5291185668945312, -5.49708701171875]","[19554, 15, 26556, 0, -97, 2000]","[0.0, 0.8927033543586731, -0.0, 0.0, 0.0, 0.0]",
2025-11-27 13:44:41.227,"[-444.2101563567987, 5885.467864795094, -717.7695575018708, -0.252348614487464, -0.059016431853286616, 0.1949159483199776, 0.9459624784462053]","[0.0, 0.0, 0.0, 1.0, -0.0018652373685435584, 0.14988514568653594, -0.02078407353519965, -8.348581188964843, -0.8858546142578124, -3.5721488769531247]","[19554, 15, 26556, 0, -97, 2000]","[0.0, 0.8761911988258362, -0.0, 0.0, 0.0, 0.0]",
2025-11-27 13:44:41.277,"[-444.2101563567987, 5885.467864795094, -717.7695575018708, -0.252348614487464, -0.059016431853286616, 0.1949159483199776, 0.9459624784462053]","[0.0, 0.0, 0.0, 1.0, -0.0018652373685435584, 0.14988514568653594, -0.02078407353519965, -8.348581188964843, -0.8858546142578124, -3.5721488769531247]","[19554, 15, 26556, 0, -97, 2000]","[0.0, 0.8761911988258362, -0.0, 0.0, 0.0, 0.0]",
2025-11-27 13:44:41.326,"[-446.9296688956178, 5903.328701955907, -720.2028014016827, -0.24986912790802093, -0.05878217995157355, 0.19490131003838776, 0.9466380266944416]","[0.0, 0.0, 0.0, 1.0, 0.0018652373685435584, -0.041834609551619814, 0.014255742745297196, -7.235277416992187, -0.9265560424804687, -3.699041564941406]","[19554, 15, 26556, 0, -97, 2000]","[0.0, 0.8679351210594177, -0.0, 0.0, 0.0, 0.0]",
2025-11-27 13:44:41.377,"[-446.9296688956178, 5903.328701955907, -720.2028014016827, -0.24986912790802093, -0.05878217995157355, 0.19490131003838776, 0.9466380266944416]","[0.0, 0.0, 0.0, 1.0, 0.0018652373685435584, -0.041834609551619814, 0.014255742745297196, -7.235277416992187, -0.9265560424804687, -3.699041564941406]","[18463, 0, 1650, 54, -97, 1999]","[0.0, 0.8679351210594177, -0.0, 0.0, 0.0, 0.0]",
2025-11-27 13:44:41.427,"[-449.6642107719361, 5921.200891782263, -722.6375313826155, -0.24527933843605754, -0.057155121970433306, 0.1970175985599887, 0.9474995535759213]","[0.0, 0.0, 0.0, 1.0, -0.032774885190122525, -0.0415681470703993, 0.009459418083328047, -9.660603698730467, 0.5099649536132812, -2.2026655273437497]","[18463, 0, 1650, 54, -97, 1999]","[0.0, 0.859679102897644, -0.0, 0.0, 0.0, 0.0]",
2025-11-27 13:44:41.477,"[-449.6642107719361, 5921.200891782263, -722.6375313826155, -0.24527933843605754, -0.057155121970433306, 0.1970175985599887, 0.9474995535759213]","[0.0, 0.0, 0.0, 1.0, -0.032774885190122525, -0.0415681470703993, 0.009459418083328047, -9.660603698730467, 0.5099649536132812, -2.2026655273437497]","[18463, 0, 1650, 54, -97, 1999]","[0.0, 0.859679102897644, -0.0, 0.0, 0.0, 0.0]",
2025-11-27 13:44:41.526,"[-452.38645620522533, 5939.111609903761, -725.0758335429942, -0.2406234201794165, -0.05979891282454572, 0.19949962344340133, 0.948010738299996]","[0.0, 0.0, 0.0, 1.0, -0.062218989364988694, -0.041434915829789046, -0.008127105677225504, -9.318232861328125, -2.568978381347656, -2.887407202148437]","[18463, 0, 1650, 54, -97, 1999]","[0.0, 0.859679102897644, -0.0, 0.0, 0.0, 0.0]",
2025-11-27 13:44:41.576,"[-452.38645620522533, 5939.111609903761, -725.0758335429942, -0.2406234201794165, -0.05979891282454572, 0.19949962344340133, 0.948010738299996]","[0.0, 0.0, 0.0, 1.0, -0.062218989364988694, -0.041434915829789046, -0.008127105677225504, -9.318232861328125, -2.568978381347656, -2.887407202148437]","[21318, 0, 1663, 55, -96, 2000]","[0.0, 0.859679102897644, -0.0, 0.0, 0.0, 0.0]",
2025-11-27 13:44:41.626,"[-455.0982930637569, 5956.987197410111, -727.5252135845377, -0.24241802965347953, -0.06180152025183303, 0.19967739704274687, 0.9473874646118768]","[0.0, 0.0, 0.0, 1.0, -0.014255742745297196, 0.06315160804926047, -0.011191424211261349, -7.400477331542969, -0.8834604125976562, -3.287238879394531]","[21318, 0, 1663, 55, -96, 2000]","[0.0, 0.859679102897644, -0.0, 0.0, 0.0, 0.0]",
2025-11-27 13:44:41.676,"[-455.0982930637569, 5956.987197410111, -727.5252135845377, -0.24241802965347953, -0.06180152025183303, 0.19967739704274687, 0.9473874646118768]","[0.0, 0.0, 0.0, 1.0, -0.014255742745297196, 0.06315160804926047, -0.011191424211261349, -7.400477331542969, -0.8834604125976562, -3.287238879394531]","[21318, 0, 1663, 55, -96, 2000]","[0.0, 0.859679102897644, -0.0, 0.0, 0.0, 0.0]",
2025-11-27 13:44:41.726,"[-457.82351827721703, 5974.944088911737, -729.9964479222473, -0.23855384183256712, -0.06000082401521857, 0.20158698670200184, 0.9480794547171795]","[0.0, 0.0, 0.0, 1.0, -0.027845329287543123, -0.06421745797414251, 0.03037672285913795, -8.003816149902343, -0.296881005859375, -3.308786694335937]","[21318, 0, 1663, 55, -96, 2000]","[0.0, 0.859679102897644, -0.0, 0.0, 0.0, 0.0]",
2025-11-27 13:44:41.776,"[-457.82351827721703, 5974.944088911737, -729.9964479222473, -0.23855384183256712, -0.06000082401521857, 0.20158698670200184, 0.9480794547171795]","[0.0, 0.0, 0.0, 1.0, -0.027845329287543123, -0.06421745797414251, 0.03037672285913795, -8.003816149902343, -0.296881005859375, -3.308786694335937]","[21318, 0, 1663, 55, -96, 2000]","[0.0, 0.859679102897644, -0.0, 0.0, 0.0, 0.0]",
2025-11-27 13:44:41.826,"[-460.5697416255148, 5993.08300449616, -732.4784374216997, -0.24151229865345647, -0.06128926379919419, 0.2033699457831334, 0.946866464130102]","[0.0, 0.0, 0.0, 1.0, -0.04210107203284032, 0.11004900474406994, 0.022249617181912446, -10.64222637939453, -1.5562310791015623, -3.076549133300781]","[21318, 0, 1663, 55, -96, 2000]","[0.0, 0.859679102897644, -0.0, 0.0, 0.0, 0.0]",
2025-11-27 13:44:41.877,"[-460.5697416255148, 5993.08300449616, -732.4784374216997, -0.24151229865345647, -0.06128926379919419, 0.2033699457831334, 0.946866464130102]","[0.0, 0.0, 0.0, 1.0, -0.04210107203284032, 0.11004900474406994, 0.022249617181912446, -10.64222637939453, -1.5562310791015623, -3.076549133300781]","[16748, 0, 1879, 43, -97, 1998]","[0.0, 0.859679102897644, -0.0, 0.0, 0.0, 0.0]",
2025-11-27 13:44:41.926,"[-463.2899626576978, 6010.992979614742, -734.9274884221686, -0.23989120258445457, -0.06027563811761332, 0.2031722766024347, 0.9473859215717123]","[0.0, 0.0, 0.0, 1.0, 0.009459418083328047, 0.011058192970651094, 0.006128637068071691, -9.631873278808593, 0.07422025146484375, -2.5953145996093747]","[16748, 0, 1879, 43, -97, 1998]","[0.0, 0.859679102897644, -0.0, 0.0, 0.0, 0.0]",
2025-11-27 13:44:41.976,"[-463.2899626576978, 6010.992979614742, -734.9274884221686, -0.23989120258445457, -0.06027563811761332, 0.2031722766024347, 0.9473859215717123]","[0.0, 0.0, 0.0, 1.0, 0.009459418083328047, 0.011058192970651094, 0.006128637068071691, -9.631873278808593, 0.07422025146484375, -2.5953145996093747]","[16748, 0, 1879, 43, -97, 1998]","[0.0, 0.859679102897644, -0.0, 0.0, 0.0, 0.0]",
2025-11-27 13:44:42.026,"[-466.01647733263394, 6028.952496408439, -737.3897854998993, -0.2416630387697478, -0.06153649272559196, 0.20378761417757604, 0.9467221577967931]","[0.0, 0.0, 0.0, 1.0, -0.019052067407266345, 0.06634915782390657, -0.0030643185340358454, -8.398859423828124, -0.6009446166992187, -3.383006945800781]","[16748, 0, 1879, 43, -97, 1998]","[0.0, 0.859679102897644, -0.0, 0.0, 0.0, 0.0]",
2025-11-27 13:44:42.077,"[-466.01647733263394, 6028.952496408439, -737.3897854998993, -0.2416630387697478, -0.06153649272559196, 0.20378761417757604, 0.9467221577967931]","[0.0, 0.0, 0.0, 1.0, -0.019052067407266345, 0.06634915782390657, -0.0030643185340358454, -8.398859423828124, -0.6009446166992187, -3.383006945800781]","[21644, 0, 1955, 36, -97, 2000]","[0.0, 0.859679102897644, -0.0, 0.0, 0.0, 0.0]",
2025-11-27 13:44:42.126,"[-468.776043362566, 6047.065594614828, -739.883849386733, -0.24121839097802839, -0.05935286167239208, 0.20300891634924523, 0.9471421781063146]","[0.0, 0.0, 0.0, 1.0, 0.026646248122050836, 0.018119448722994567, 0.022382848422522698, -8.288726147460936, 0.4213794921875, -2.750937707519531]","[21644, 0, 1955, 36, -97, 2000]","[0.0, 0.859679102897644, -0.0, 0.0, 0.0, 0.0]",
2025-11-27 13:44:42.176,"[-468.776043362566, 6047.065594614828, -739.883849386733, -0.24121839097802839, -0.05935286167239208, 0.20300891634924523, 0.9471421781063146]","[0.0, 0.0, 0.0, 1.0, 0.026646248122050836, 0.018119448722994567, 0.022382848422522698, -8.288726147460936, 0.4213794921875, -2.750937707519531]","[21644, 0, 1955, 36, -97, 2000]","[0.0, 0.859679102897644, -0.0, 0.0, 0.0, 0.0]",
2025-11-27 13:44:42.226,"[-471.52795150533814, 6065.065936553651, -742.3502904436039, -0.24504250167609398, -0.05924456149717186, 0.20370338039175034, 0.9460175405996989]","[0.0, 0.0, 0.0, 1.0, -0.01372281778285618, 0.11711026049641342, 0.01532159267017923, -10.457872851562499, 0.2442085693359375, -3.39018955078125]","[21644, 0, 1955, 36, -97, 2000]","[0.0, 0.859679102897644, -0.0, 0.0, 0.0, 0.0]",
2025-11-27 13:44:42.276,"[-471.52795150533814, 6065.065936553651, -742.3502904436039, -0.24504250167609398, -0.05924456149717186, 0.20370338039175034, 0.9460175405996989]","[0.0, 0.0, 0.0, 1.0, -0.01372281778285618, 0.11711026049641342, 0.01532159267017923, -10.457872851562499, 0.2442085693359375, -3.39018955078125]","[21644, 0, 1955, 36, -97, 2000]","[0.0, 0.859679102897644, -0.0, 0.0, 0.0, 0.0]",
2025-11-27 13:44:42.327,"[-474.276785135478, 6083.096860878243, -744.7979699225689, -0.24188696805650364, -0.06117426098606131, 0.20647384737837057, 0.9461062069482551]","[0.0, 0.0, 0.0, 1.0, -0.06461715169597326, -0.02691271060327134, -0.014522205226517705, -11.130643518066405, -1.458068811035156, -4.290409374999999]","[21644, 0, 1955, 36, -97, 2000]","[0.0, -0.0, -0.0, 0.0, 0.0, 0.0]",
2025-11-27 13:44:42.376,"[-474.276785135478, 6083.096860878243, -744.7979699225689, -0.24188696805650364, -0.06117426098606131, 0.20647384737837057, 0.9461062069482551]","[0.0, 0.0, 0.0, 1.0, -0.06461715169597326, -0.02691271060327134, -0.014522205226517705, -11.130643518066405, -1.458068811035156, -4.290409374999999]","[21644, 0, 1955, 36, -97, 2000]","[0.0, -0.0, -0.0, 0.0, 0.0, 0.0]",
2025-11-27 13:44:42.426,"[-477.08313119466425, 6101.359878638289, -747.2719617876573, -0.2624130137773194, -0.066316078808049, 0.20538111729766806, 0.9405105977868569]","[0.0, 0.0, 0.0, 1.0, -0.009326186842717792, 0.5895482397003747, -0.006928024511733216, -12.433089221191405, -0.4572925170898437, 2.6719290527343746]","[21644, 0, 1955, 36, -97, 2000]","[0.0, -0.0, -0.0, 0.0, 0.0, 0.0]",
2025-11-27 13:44:42.477,"[-477.08313119466425, 6101.359878638289, -747.2719617876573, -0.2624130137773194, -0.066316078808049, 0.20538111729766806, 0.9405105977868569]","[0.0, 0.0, 0.0, 1.0, -0.009326186842717792, 0.5895482397003747, -0.006928024511733216, -12.433089221191405, -0.4572925170898437, 2.6719290527343746]","[20831, 0, 2141, 18, -97, 1998]","[0.0, -0.0, -0.0, 0.0, 0.0, 0.0]",
2025-11-27 13:44:42.526,"[-479.8950331230904, 6119.481997572909, -749.6637813799316, -0.2909771860350701, -0.07382791156012637, 0.2044562460057586, 0.9317077654238024]","[0.0, 0.0, 0.0, 1.0, -0.03144257278401998, 0.7259770300852749, -0.020517611053979142, -17.362750439453123, 0.02154781494140625, -1.6017209106445311]","[20831, 0, 2141, 18, -97, 1998]","[0.0, -0.0, -0.0, 0.0, 0.0, 0.0]",
2025-11-27 13:44:42.576,"[-479.8950331230904, 6119.481997572909, -749.6637813799316, -0.2909771860350701, -0.07382791156012637, 0.2044562460057586, 0.9317077654238024]","[0.0, 0.0, 0.0, 1.0, -0.03144257278401998, 0.7259770300852749, -0.020517611053979142, -17.362750439453123, 0.02154781494140625, -1.6017209106445311]","[20831, 0, 2141, 18, -97, 1998]","[0.0, -0.0, -0.0, 0.0, 0.0, 0.0]",
2025-11-27 13:44:42.626,"[-482.73086600663146, 6137.731489919801, -752.0748397561806, -0.29256160860207453, -0.07516880914230814, 0.20555296040296894, 0.9308626836294757]","[0.0, 0.0, 0.0, 1.0, -0.03011026037791744, 0.10605206752576231, -0.0006661562030512709, -9.284714038085937, -0.6727706665039062, -2.7150246826171873]","[20831, 0, 2141, 18, -97, 1998]","[0.0, -0.0, -0.0, 0.0, 0.0, 0.0]",
2025-11-27 13:44:42.677,"[-482.73086600663146, 6137.731489919801, -752.0748397561806, -0.29256160860207453, -0.07516880914230814, 0.20555296040296894, 0.9308626836294757]","[0.0, 0.0, 0.0, 1.0, -0.03011026037791744, 0.10605206752576231, -0.0006661562030512709, -9.284714038085937, -0.6727706665039062, -2.7150246826171873]","[20013, 0, 2212, 18, -97, 1999]","[0.0, -0.0, -0.0, 0.0, 0.0, 0.0]",
2025-11-27 13:44:42.726,"[-485.57164995051704, 6155.999991484063, -754.4844512003189, -0.29362589297440944, -0.07518243842728273, 0.2059681078190128, 0.9304346159126734]","[0.0, 0.0, 0.0, 1.0, -0.008393568158446012, 0.05702297098118878, 0.013323124061025418, -9.143456140136719, -0.4955997436523437, -4.3454760131835934]","[20013, 0, 2212, 18, -97, 1999]","[0.0, -0.0, -0.0, 0.0, 0.0, 0.0]",
2025-11-27 13:44:42.776,"[-485.57164995051704, 6155.999991484063, -754.4844512003189, -0.29362589297440944, -0.07518243842728273, 0.2059681078190128, 0.9304346159126734]","[0.0, 0.0, 0.0, 1.0, -0.008393568158446012, 0.05702297098118878, 0.013323124061025418, -9.143456140136719, -0.4955997436523437, -4.3454760131835934]","[20013, 0, 2212, 18, -97, 1999]","[0.0, -0.0, -0.0, 0.0, 0.0, 0.0]",
2025-11-27 13:44:42.826,"[-488.434501755796, 6174.3826495838475, -756.9088788242451, -0.2927699687067157, -0.07518770346138445, 0.2061527922467502, 0.9306629792360605]","[0.0, 0.0, 0.0, 1.0, -0.003464012255866608, 0.031176110302799476, 0.0021316998497640663, -9.133879333496093, -0.430956298828125, -3.593696691894531]","[20013, 0, 2212, 18, -97, 1999]","[0.0, -0.0, 0.1496579498052597, 0.0, 0.0, 0.0]",
2025-11-27 13:44:42.876,"[-488.434501755796, 6174.3826495838475, -756.9088788242451, -0.2927699687067157, -0.07518770346138445, 0.2061527922467502, 0.9306629792360605]","[0.0, 0.0, 0.0, 1.0, -0.003464012255866608, 0.031176110302799476, 0.0021316998497640663, -9.133879333496093, -0.430956298828125, -3.593696691894531]","[20013, 0, 2212, 18, -97, 1999]","[0.0, -0.0, 0.1496579498052597, 0.0, 0.0, 0.0]",
2025-11-27 13:44:42.927,"[-491.28296472530474, 6192.631543698717, -759.3158193573613, -0.29177126583580165, -0.07515804419525066, 0.2065659753030451, 0.930887369488071]","[0.0, 0.0, 0.0, 1.0, -0.007727411955394742, 0.03490658503988659, 0.0006661562030512709, -9.26316622314453, -0.29448680419921874, -3.287238879394531]","[20013, 0, 2212, 18, -97, 1999]","[0.0, -0.0, 0.5046685338020325, 0.0, 0.0, 0.0]",
2025-11-27 13:44:42.977,"[-491.28296472530474, 6192.631543698717, -759.3158193573613, -0.29177126583580165, -0.07515804419525066, 0.2065659753030451, 0.930887369488071]","[0.0, 0.0, 0.0, 1.0, -0.007727411955394742, 0.03490658503988659, 0.0006661562030512709, -9.26316622314453, -0.29448680419921874, -3.287238879394531]","[21244, 0, 2354, 17, -97, 1998]","[0.0, -0.0, 0.5046685338020325, 0.0, 0.0, 0.0]",
2025-11-27 13:44:43.026,"[-494.1514100567529, 6210.979501814596, -761.7378975524103, -0.29079510857578017, -0.07564684302342968, 0.20804172469658777, 0.9308245810861776]","[0.0, 0.0, 0.0, 1.0, -0.03170903526524049, 0.0415681470703993, 0.0029310872934255917, -9.153032946777342, -0.5410895751953124, -3.0454245117187497]","[21244, 0, 2354, 17, -97, 1998]","[0.0, -0.0, 0.669789731502533, 0.0, 0.0, 0.0]",
2025-11-27 13:44:43.077,"[-494.1514100567529, 6210.979501814596, -761.7378975524103, -0.29079510857578017, -0.07564684302342968, 0.20804172469658777, 0.9308245810861776]","[0.0, 0.0, 0.0, 1.0, -0.03170903526524049, 0.0415681470703993, 0.0029310872934255917, -9.153032946777342, -0.5410895751953124, -3.0454245117187497]","[21244, 0, 2354, 17, -97, 1998]","[0.0, -0.0, 0.669789731502533, 0.0, 0.0, 0.0]",
2025-11-27 13:44:43.126,"[-497.02894325441474, 6229.377224345303, -764.1728387040715, -0.2886732331614379, -0.07610934499274616, 0.20951838595867595, 0.931116092657714]","[0.0, 0.0, 0.0, 1.0, -0.03130934154340973, 0.024781010753507273, 0.006928024511733216, -8.877699755859375, -0.9337386474609375, -2.592920397949219]","[21244, 0, 2354, 17, -97, 1998]","[0.0, -0.0, 0.7275821566581726, 0.0, 0.0, 0.0]",
2025-11-27 13:44:43.176,"[-497.02894325441474, 6229.377224345303, -764.1728387040715, -0.2886732331614379, -0.07610934499274616, 0.20951838595867595, 0.931116092657714]","[0.0, 0.0, 0.0, 1.0, -0.03130934154340973, 0.024781010753507273, 0.006928024511733216, -8.877699755859375, -0.9337386474609375, -2.592920397949219]","[21244, 0, 2354, 17, -97, 1998]","[0.0, -0.0, 0.7275821566581726, 0.0, 0.0, 0.0]",
2025-11-27 13:44:43.226,"[-499.90561622883973, 6247.747120968743, -766.6022924767667, -0.29264746306827705, -0.0789444634670861, 0.2085643561351472, 0.9298527536107676]","[0.0, 0.0, 0.0, 1.0, 0.0, 0.15135068933324874, -0.0305099540997482, -9.435548742675781, -0.7038952880859375, -3.3255461059570313]","[21244, 0, 2354, 17, -97, 1998]","[0.0, -0.0, 0.8514230251312256, 0.0, 0.0, 0.0]",
2025-11-27 13:44:43.277,"[-499.90561622883973, 6247.747120968743, -766.6022924767667, -0.29264746306827705, -0.0789444634670861, 0.2085643561351472, 0.9298527536107676]","[0.0, 0.0, 0.0, 1.0, 0.0, 0.15135068933324874, -0.0305099540997482, -9.435548742675781, -0.7038952880859375, -3.3255461059570313]","[23648, 0, 2500, 0, -97, 1998]","[0.0, -0.0, 0.8514230251312256, 0.0, 0.0, 0.0]",
2025-11-27 13:44:43.326,"[-502.79436599926686, 6266.149682538271, -769.0270332903026, -0.2968933382153331, -0.0797731861517224, 0.20913529222354224, 0.9283065302157107]","[0.0, 0.0, 0.0, 1.0, -0.017453292519943295, 0.14735375211494112, 0.011191424211261349, -10.105925207519531, -0.4165910888671875, -3.6822821533203123]","[23648, 0, 2500, 0, -97, 1998]","[0.0, -0.0, 0.9917760491371155, 0.0, 0.0, 0.0]",
2025-11-27 13:44:43.377,"[-502.79436599926686, 6266.149682538271, -769.0270332903026, -0.2968933382153331, -0.0797731861517224, 0.20913529222354224, 0.9283065302157107]","[0.0, 0.0, 0.0, 1.0, -0.017453292519943295, 0.14735375211494112, 0.011191424211261349, -10.105925207519531, -0.4165910888671875, -3.6822821533203123]","[23648, 0, 2500, 0, -97, 1998]","[0.0, -0.0, 0.9917760491371155, 0.0, 0.0, 0.0]",
2025-11-27 13:44:43.426,"[-505.71813310325734, 6284.745665271294, -771.4867606394071, -0.29119661291784804, -0.07740347282584935, 0.20834895604874276, 0.9304858663800702]","[0.0, 0.0, 0.0, 1.0, 0.03144257278401998, -0.06634915782390657, 0.0191852986478766, -8.501810095214843, -0.5147533569335937, -2.73896669921875]","[23648, 0, 2500, 0, -97, 1998]","[0.0, -0.0, 1.0, 0.0, 0.0, 0.0]",
2025-11-27 13:44:43.477,"[-505.71813310325734, 6284.745665271294, -771.4867606394071, -0.29119661291784804, -0.07740347282584935, 0.20834895604874276, 0.9304858663800702]","[0.0, 0.0, 0.0, 1.0, 0.03144257278401998, -0.06634915782390657, 0.0191852986478766, -8.501810095214843, -0.5147533569335937, -2.73896669921875]","[23648, 0, 2500, 0, -97, 1998]","[0.0, -0.0, 1.0, 0.0, 0.0, 0.0]",
2025-11-27 13:44:43.527,"[-508.62630785073816, 6303.153897174007, -773.8978489462434, -0.2933901690653371, -0.07706440465576045, 0.2088284400566233, 0.9297171445414909]","[0.0, 0.0, 0.0, 1.0, -0.007727411955394742, 0.09752526812670605, 0.011324655451871604, -11.532869396972655, 0.23702596435546874, -4.240131140136718]","[23648, 0, 2500, 0, -97, 1998]","[0.0, -0.0, 1.0, 0.0, 0.0, 0.0]",
2025-11-27 13:44:43.578,"[-508.62630785073816, 6303.153897174007, -773.8978489462434, -0.2933901690653371, -0.07706440465576045, 0.2088284400566233, 0.9297171445414909]","[0.0, 0.0, 0.0, 1.0, -0.007727411955394742, 0.09752526812670605, 0.011324655451871604, -11.532869396972655, 0.23702596435546874, -4.240131140136718]","[24296, 0, 2809, 0, -97, 1998]","[0.0, -0.0, 1.0, 0.0, 0.0, 0.0]",
2025-11-27 13:44:43.627,"[-511.5370798722663, 6321.608844750561, -776.3498369618222, -0.2898932984487516, -0.0775561000920209, 0.20885824980235373, 0.9307658987857887]","[0.0, 0.0, 0.0, 1.0, -0.0029310872934255917, -0.08233690669713707, -0.013323124061025418, -4.965574243164062, -0.5195417602539062, -3.9624037475585934]","[24296, 0, 2809, 0, -97, 1998]","[0.0, -0.0, 1.0, 0.0, 0.0, 0.0]",
2025-11-27 13:44:43.677,"[-511.5370798722663, 6321.608844750561, -776.3498369618222, -0.2898932984487516, -0.0775561000920209, 0.20885824980235373, 0.9307658987857887]","[0.0, 0.0, 0.0, 1.0, -0.0029310872934255917, -0.08233690669713707, -0.013323124061025418, -4.965574243164062, -0.5195417602539062, -3.9624037475585934]","[24296, 0, 2809, 0, -97, 1998]","[0.0, -0.0, 1.0, 0.0, 0.0, 0.0]",
2025-11-27 13:44:43.726,"[-514.4676080605224, 6340.145695413017, -778.8112291199093, -0.294478008583427, -0.07953081902241452, 0.20837697772411493, 0.9292666928502962]","[0.0, 0.0, 0.0, 1.0, -0.004130168458917879, 0.17946248110201235, -0.009992343045769061, -9.878476049804688, -0.6584054565429687, -2.463633508300781]","[24296, 0, 2809, 0, -97, 1998]","[0.0, -0.0, 1.0, 0.0, 0.0, 0.0]",
2025-11-27 13:44:43.777,"[-514.4676080605224, 6340.145695413017, -778.8112291199093, -0.294478008583427, -0.07953081902241452, 0.20837697772411493, 0.9292666928502962]","[0.0, 0.0, 0.0, 1.0, -0.004130168458917879, 0.17946248110201235, -0.009992343045769061, -9.878476049804688, -0.6584054565429687, -2.463633508300781]","[25332, 0, 2928, 0, -97, 2000]","[0.0, -0.0, 1.0, 0.0, 0.0, 0.0]",
2025-11-27 13:44:43.826,"[-517.3991115790308, 6358.67864380839, -781.2849426764299, -0.28447043702942476, -0.07666983385603496, 0.20889623881106698, 0.9325023691355243]","[0.0, 0.0, 0.0, 1.0, 0.010125574286379316, -0.20557580426162217, 0.009192955602107537, -7.285555651855469, -0.19393033447265623, -4.340687609863281]","[25332, 0, 2928, 0, -97, 2000]","[0.0, -0.0, 1.0, 0.0, 0.0, 0.0]",
2025-11-27 13:44:43.877,"[-517.3991115790308, 6358.67864380839, -781.2849426764299, -0.28447043702942476, -0.07666983385603496, 0.20889623881106698, 0.9325023691355243]","[0.0, 0.0, 0.0, 1.0, 0.010125574286379316, -0.20557580426162217, 0.009192955602107537, -7.285555651855469, -0.19393033447265623, -4.340687609863281]","[25332, 0, 2928, 0, -97, 2000]","[0.0, -0.0, 1.0, 0.0, 0.0, 0.0]",
2025-11-27 13:44:43.926,"[-520.3256893818092, 6377.226950619939, -783.791545243532, -0.2706195374368482, -0.07244921365559664, 0.21104701234192244, 0.936469612950522]","[0.0, 0.0, 0.0, 1.0, -0.013856049023466432, -0.35226340017351204, 0.03264165394951227, -4.886565588378906, -0.36391865234375, -5.240907434082031]","[25332, 0, 2928, 0, -97, 2000]","[0.0, -0.0, 1.0, 0.0, 0.0, 0.0]",
2025-11-27 13:44:43.977,"[-520.3256893818092, 6377.226950619939, -783.791545243532, -0.2706195374368482, -0.07244921365559664, 0.21104701234192244, 0.936469612950522]","[0.0, 0.0, 0.0, 1.0, -0.013856049023466432, -0.35226340017351204, 0.03264165394951227, -4.886565588378906, -0.36391865234375, -5.240907434082031]","[21329, 0, 3052, 0, -97, 2000]","[0.0, -0.0, 1.0, 0.0, 0.0, 0.0]",
2025-11-27 13:44:44.026,"[-523.2025942339554, 6395.576164190861, -786.3178527904166, -0.2533858968246231, -0.067332837547571, 0.21434841716200756, 0.9409126592507489]","[0.0, 0.0, 0.0, 1.0, -0.03317457891195329, -0.5423843805243447, 0.032774885190122525, -1.8914193115234375, -0.10295067138671875, -8.355763793945313]","[21329, 0, 3052, 0, -97, 2000]","[0.0, -0.0, 1.0, 0.0, 0.0, 0.0]",
2025-11-27 13:44:44.076,"[-523.2025942339554, 6395.576164190861, -786.3178527904166, -0.2533858968246231, -0.067332837547571, 0.21434841716200756, 0.9409126592507489]","[0.0, 0.0, 0.0, 1.0, -0.03317457891195329, -0.5423843805243447, 0.032774885190122525, -1.8914193115234375, -0.10295067138671875, -8.355763793945313]","[21329, 0, 3052, 0, -97, 2000]","[0.0, -0.0, 1.0, 0.0, 0.0, 0.0]",
2025-11-27 13:44:44.126,"[-526.0979868445753, 6414.051824560065, -788.9077535544322, -0.24385832548966158, -0.06706618459014124, 0.21357161143075418, 0.9436219639054457]","[0.0, 0.0, 0.0, 1.0, 0.018652373685435583, -0.16227565106328956, -0.029577335415476424, -4.80755693359375, -0.45968671875, -1.8028338500976562]","[21329, 0, 3052, 0, -97, 2000]","[0.0, -0.0, 0.5624609589576721, 0.0, 0.0, 0.0]",
2025-11-27 13:44:44.177,"[-526.0979868445753, 6414.051824560065, -788.9077535544322, -0.24385832548966158, -0.06706618459014124, 0.21357161143075418, 0.9436219639054457]","[0.0, 0.0, 0.0, 1.0, 0.018652373685435583, -0.16227565106328956, -0.029577335415476424, -4.80755693359375, -0.45968671875, -1.8028338500976562]","[26830, 0, 3553, 8, -97, 1998]","[0.0, -0.0, 0.5624609589576721, 0.0, 0.0, 0.0]",
2025-11-27 13:44:44.226,"[-528.9979017412564, 6432.520189665148, -791.5053943832298, -0.2584720888576777, -0.07059721439159604, 0.21213812246238964, 0.9397902050988975]","[0.0, 0.0, 0.0, 1.0, 0.005995405827461438, 0.35532771870754787, -0.006528330789902454, -8.425195642089843, -0.19153613281249998, -2.858676782226562]","[26830, 0, 3553, 8, -97, 1998]","[0.0, -0.0, -0.0, 0.0, 0.0, 0.0]",
2025-11-27 13:44:44.276,"[-528.9979017412564, 6432.520189665148, -791.5053943832298, -0.2584720888576777, -0.07059721439159604, 0.21213812246238964, 0.9397902050988975]","[0.0, 0.0, 0.0, 1.0, 0.005995405827461438, 0.35532771870754787, -0.006528330789902454, -8.425195642089843, -0.19153613281249998, -2.858676782226562]","[26830, 0, 3553, 8, -97, 1998]","[0.0, -0.0, -0.0, 0.0, 0.0, 0.0]",
2025-11-27 13:44:44.327,"[-531.8996768453461, 6450.98885626468, -794.1358565696237, -0.2596513353960232, -0.07015693815202698, 0.21253991744257428, 0.9394072447824203]","[0.0, 0.0, 0.0, 1.0, -0.0057289433462409285, 0.08566768771239343, 0.028911179212425153, -6.373364819335937, -0.5578489868164063, -1.5059528442382812]","[26830, 0, 3553, 8, -97, 1998]","[0.0, -0.0, -0.0, 0.0, 0.0, 0.0]",
2025-11-27 13:44:44.376,"[-531.8996768453461, 6450.98885626468, -794.1358565696237, -0.2596513353960232, -0.07015693815202698, 0.21253991744257428, 0.9394072447824203]","[0.0, 0.0, 0.0, 1.0, -0.0057289433462409285, 0.08566768771239343, 0.028911179212425153, -6.373364819335937, -0.5578489868164063, -1.5059528442382812]","[26830, 0, 3553, 8, -97, 1998]","[0.0, -0.0, -0.0, 0.0, 0.0, 0.0]",
2025-11-27 13:44:44.427,"[-534.8222996108492, 6469.593778076455, -796.8081628789051, -0.26466862496482724, -0.07075525335305305, 0.2131590427951336, 0.9378205774863523]","[0.0, 0.0, 0.0, 1.0, -0.016520673835671518, 0.15334915794240253, 0.031842266505850744, -7.163451367187499, -0.7565677246093749, -2.308010400390625]","[27806, 0, 3779, 0, -97, 2000]","[0.0, -0.0, -0.0, 0.0, 0.0, 0.0]",
2025-11-27 13:44:44.477,"[-534.8222996108492, 6469.593778076455, -796.8081628789051, -0.26466862496482724, -0.07075525335305305, 0.2131590427951336, 0.9378205774863523]","[0.0, 0.0, 0.0, 1.0, -0.016520673835671518, 0.15334915794240253, 0.031842266505850744, -7.163451367187499, -0.7565677246093749, -2.308010400390625]","[27806, 0, 3779, 0, -97, 2000]","[0.0, -0.0, -0.0, 0.0, 0.0, 0.0]",
2025-11-27 13:44:44.527,"[-537.7400771174131, 6488.098960177911, -799.4721812071566, -0.2664114515475229, -0.07155858426767014, 0.21337354285658536, 0.9372171779853256]","[0.0, 0.0, 0.0, 1.0, -0.009192955602107537, 0.12656967857974144, -0.004130168458917879, -9.457096557617186, -0.2657563842773437, -1.254561669921875]","[27806, 0, 3779, 0, -97, 2000]","[0.0, -0.0, -0.0, 0.0, 0.0, 0.0]",
2025-11-27 13:44:44.578,"[-537.7400771174131, 6488.098960177911, -799.4721812071566, -0.2664114515475229, -0.07155858426767014, 0.21337354285658536, 0.9372171779853256]","[0.0, 0.0, 0.0, 1.0, -0.009192955602107537, 0.12656967857974144, -0.004130168458917879, -9.457096557617186, -0.2657563842773437, -1.254561669921875]","[25978, 0, 3906, 0, -97, 2000]","[0.0, -0.0, -0.0, 0.0, 0.0, 0.0]",
2025-11-27 13:44:44.627,"[-540.6759744894936, 6506.683598715821, -802.1325238939843, -0.26958807917946154, -0.0715476560859124, 0.21194548628874835, 0.9366334989283517]","[0.0, 0.0, 0.0, 1.0, 0.027578866806322613, 0.11577794809031088, 0.01185758041431262, -10.74517705078125, -0.49799394531249996, -3.459621398925781]","[25978, 0, 3906, 0, -97, 2000]","[0.0, -0.0, -0.0, 0.0, 0.0, 0.0]",
2025-11-27 13:44:44.677,"[-540.6759744894936, 6506.683598715821, -802.1325238939843, -0.26958807917946154, -0.0715476560859124, 0.21194548628874835, 0.9366334989283517]","[0.0, 0.0, 0.0, 1.0, 0.027578866806322613, 0.11577794809031088, 0.01185758041431262, -10.74517705078125, -0.49799394531249996, -3.459621398925781]","[25978, 0, 3906, 0, -97, 2000]","[0.0, -0.0, -0.0, 0.0, 0.0, 0.0]",
2025-11-27 13:44:44.726,"[-543.6163447534603, 6525.253896693093, -804.7973355888101, -0.267489039422247, -0.07119432222348132, 0.2115096401969701, 0.937360471950813]","[0.0, 0.0, 0.0, 1.0, 0.011058192970651094, 0.03450689131805583, 0.0019984686091538122, -9.215282189941405, -0.5410895751953124, -1.6256629272460936]","[25978, 0, 3906, 0, -97, 2000]","[0.0, -0.0, -0.0, 0.0, 0.0, 0.0]",
2025-11-27 13:44:44.776,"[-543.6163447534603, 6525.253896693093, -804.7973355888101, -0.267489039422247, -0.07119432222348132, 0.2115096401969701, 0.937360471950813]","[0.0, 0.0, 0.0, 1.0, 0.011058192970651094, 0.03450689131805583, 0.0019984686091538122, -9.215282189941405, -0.5410895751953124, -1.6256629272460936]","[25978, 0, 3906, 0, -97, 2000]","[0.0, -0.0, -0.0, 0.0, 0.0, 0.0]",
2025-11-27 13:44:44.826,"[-546.5676429515481, 6543.861294607119, -807.4622441697051, -0.2733835422703633, -0.07236767683956394, 0.21088769806098234, 0.9357086816798768]","[0.0, 0.0, 0.0, 1.0, 0.004263399699528133, 0.1690704443344125, 0.004529862180748642, -9.619902270507811, -0.33758243408203126, -3.6056677001953124]","[25978, 0, 3906, 0, -97, 2000]","[0.0, -0.0, -0.0, 0.0, 0.0, 0.0]",
2025-11-27 13:44:44.876,"[-546.5676429515481, 6543.861294607119, -807.4622441697051, -0.2733835422703633, -0.07236767683956394, 0.21088769806098234, 0.9357086816798768]","[0.0, 0.0, 0.0, 1.0, 0.004263399699528133, 0.1690704443344125, 0.004529862180748642, -9.619902270507811, -0.33758243408203126, -3.6056677001953124]","[25978, 0, 3906, 0, -97, 2000]","[0.0, -0.0, -0.0, 0.0, 0.0, 0.0]",
2025-11-27 13:44:44.926,"[-549.5408193046853, 6562.586387361219, -810.1342195696737, -0.2750534222421954, -0.07291982797719382, 0.21093656461358853, 0.9351652684470538]","[0.0, 0.0, 0.0, 1.0, -0.004529862180748642, 0.07567534466662437, 0.0031975497746461, -9.911994873046874, -0.5027823486328125, -4.000710974121094]","[25978, 0, 3906, 0, -97, 2000]","[0.0, -0.0, -0.0, 0.0, 0.0, 0.0]",
2025-11-27 13:44:44.977,"[-549.5408193046853, 6562.586387361219, -810.1342195696737, -0.2750534222421954, -0.07291982797719382, 0.21093656461358853, 0.9351652684470538]","[0.0, 0.0, 0.0, 1.0, -0.004529862180748642, 0.07567534466662437, 0.0031975497746461, -9.911994873046874, -0.5027823486328125, -4.000710974121094]","[29289, 0, 3479, 0, -97, 1998]","[0.0, -0.0, -0.0, 0.0, 0.0, 0.0]",
